event,eventLabel,eventDescription,startDate,endDate,location,casualties,prevWar,nextWar,largerConflict,largerConflictLabel,largerConflictDescription,warID,locationID,prevWarID,nextWarID,largerConflictID
http://www.wikidata.org/entity/Q82664,Iran–Iraq War,war between Iran and Iraq from September 1980 to August 1988,1980-09-22T00:00:00Z,1988-08-20T00:00:00Z,http://www.wikidata.org/entity/Q34675,,,,http://www.wikidata.org/entity/Q13408125,Gulf War,Wikimedia disambiguation page,Q82664,Q34675,,,Q13408125
http://www.wikidata.org/entity/Q8663,Korean War,1950–1953 war between North Korea and South Korea,1950-06-25T00:00:00Z,1953-07-27T00:00:00Z,http://www.wikidata.org/entity/Q27092,,,,http://www.wikidata.org/entity/Q8683,Cold War,state of geopolitical tension after World War II between powers in the Eastern Bloc and the Western Bloc,Q8663,Q27092,,,Q8683
http://www.wikidata.org/entity/Q185729,War on Terror,international military campaign that started after 11 September 2001,2001-09-11T00:00:00Z,,,,,,,,,Q185729,,,,
http://www.wikidata.org/entity/Q49101,Suez Crisis,"diplomatic and military confrontation in late 1956 involving Egypt, Britain, France and Israel",1956-10-29T00:00:00Z,1956-11-07T00:00:00Z,http://www.wikidata.org/entity/Q39760,,,,http://www.wikidata.org/entity/Q8669,Arab–Israeli conflict,geopolitical conflict in the Middle East and North Africa,Q49101,Q39760,,,Q8669
http://www.wikidata.org/entity/Q48249,Falklands War,1982 war between Argentina and the United Kingdom,1982-04-02T00:00:00Z,1982-06-14T00:00:00Z,http://www.wikidata.org/entity/Q9648,891,,,http://www.wikidata.org/entity/Q4379537,Falkland Islands sovereignty dispute,dispute between Argentina and the United Kingdom,Q48249,Q9648,,,Q4379537
http://www.wikidata.org/entity/Q49100,Yom Kippur War,October 1973 war between Israel at one side and Egypt and Syria on the other side,1973-10-06T00:00:00Z,1973-10-25T00:00:00Z,http://www.wikidata.org/entity/Q36755,,,,http://www.wikidata.org/entity/Q8683,Cold War,state of geopolitical tension after World War II between powers in the Eastern Bloc and the Western Bloc,Q49100,Q36755,,,Q8683
http://www.wikidata.org/entity/Q170682,Gaza War,December 2008-January 2009 armed conflict in the Gaza Strip,2008-12-27T00:00:00Z,2009-01-18T00:00:00Z,http://www.wikidata.org/entity/Q39760,,,,http://www.wikidata.org/entity/Q553184,Gaza–Israel conflict,conflict between Gaza and Israel,Q170682,Q39760,,,Q553184
http://www.wikidata.org/entity/Q49077,Six-Day War,"1967 war between Israel and Egypt, Jordan, and Syria",1967-06-05T00:00:00Z,1967-06-10T00:00:00Z,http://www.wikidata.org/entity/Q7204,,,,http://www.wikidata.org/entity/Q8669,Arab–Israeli conflict,geopolitical conflict in the Middle East and North Africa,Q49077,Q7204,,,Q8669
http://www.wikidata.org/entity/Q170682,Gaza War,December 2008-January 2009 armed conflict in the Gaza Strip,2008-12-27T00:00:00Z,2009-01-18T00:00:00Z,http://www.wikidata.org/entity/Q39760,,,,http://www.wikidata.org/entity/Q15059994,Iran–Israel proxy conflict,ongoing indirect conflict between Iran and Israel,Q170682,Q39760,,,Q15059994
http://www.wikidata.org/entity/Q49100,Yom Kippur War,October 1973 war between Israel at one side and Egypt and Syria on the other side,1973-10-06T00:00:00Z,1973-10-25T00:00:00Z,http://www.wikidata.org/entity/Q83210,,,,http://www.wikidata.org/entity/Q8683,Cold War,state of geopolitical tension after World War II between powers in the Eastern Bloc and the Western Bloc,Q49100,Q83210,,,Q8683
http://www.wikidata.org/entity/Q83085,Soviet–Afghan War,"war between the Soviet Union and Afghan insurgents, 1979-89",1979-12-25T00:00:00Z,1989-02-15T00:00:00Z,http://www.wikidata.org/entity/Q476757,,,http://www.wikidata.org/entity/Q2405009,http://www.wikidata.org/entity/Q1519107,War in Afghanistan,Ongoing conflicts in Afghanistan since 1978,Q83085,Q476757,,Q2405009,Q1519107
http://www.wikidata.org/entity/Q49103,Lebanon War,1982 war between Israel and forces in Lebanon,1982-06-06T00:00:00Z,1985-05-17T00:00:00Z,http://www.wikidata.org/entity/Q822,,,,http://www.wikidata.org/entity/Q8669,Arab–Israeli conflict,geopolitical conflict in the Middle East and North Africa,Q49103,Q822,,,Q8669
http://www.wikidata.org/entity/Q8663,Korean War,1950–1953 war between North Korea and South Korea,1950-06-25T00:00:00Z,1953-07-27T00:00:00Z,http://www.wikidata.org/entity/Q52052,,,,http://www.wikidata.org/entity/Q8683,Cold War,state of geopolitical tension after World War II between powers in the Eastern Bloc and the Western Bloc,Q8663,Q52052,,,Q8683
http://www.wikidata.org/entity/Q49104,2006 Lebanon War,military conflict between Hezbollah and Israeli forces,2006-07-12T00:00:00Z,2006-08-14T00:00:00Z,http://www.wikidata.org/entity/Q81483,165,,,http://www.wikidata.org/entity/Q15059994,Iran–Israel proxy conflict,ongoing indirect conflict between Iran and Israel,Q49104,Q81483,,,Q15059994
http://www.wikidata.org/entity/Q49104,2006 Lebanon War,military conflict between Hezbollah and Israeli forces,2006-07-12T00:00:00Z,2006-08-14T00:00:00Z,http://www.wikidata.org/entity/Q81483,165,,,http://www.wikidata.org/entity/Q3241199,Israeli-Lebanese conflict,"war between Israeli, Lebanese, Syrian, and other forces in Lebanon since 1948",Q49104,Q81483,,,Q3241199
http://www.wikidata.org/entity/Q29242,Georgian–Ossetian conflict,ethno-political conflict over Georgia's autonomous region of South Ossetia,1989-11-10T00:00:00Z,,http://www.wikidata.org/entity/Q23427,,,,,,,Q29242,Q23427,,,
http://www.wikidata.org/entity/Q49097,1948 Arab–Israeli War,,1947-11-30T00:00:00Z,1949-07-20T00:00:00Z,,,,,http://www.wikidata.org/entity/Q8669,Arab–Israeli conflict,geopolitical conflict in the Middle East and North Africa,Q49097,,,,Q8669
http://www.wikidata.org/entity/Q49104,2006 Lebanon War,military conflict between Hezbollah and Israeli forces,2006-07-12T00:00:00Z,2006-08-14T00:00:00Z,http://www.wikidata.org/entity/Q81483,1191,,,http://www.wikidata.org/entity/Q15059994,Iran–Israel proxy conflict,ongoing indirect conflict between Iran and Israel,Q49104,Q81483,,,Q15059994
http://www.wikidata.org/entity/Q182865,War in Afghanistan,war in Afghanistan since 2001,2001-10-07T00:00:00Z,2014-12-28T00:00:00Z,http://www.wikidata.org/entity/Q889,,http://www.wikidata.org/entity/Q12302518,http://www.wikidata.org/entity/Q18920712,http://www.wikidata.org/entity/Q185729,War on Terror,international military campaign that started after 11 September 2001,Q182865,Q889,Q12302518,Q18920712,Q185729
http://www.wikidata.org/entity/Q181533,Bosnian War,international armed conflict that took place in Bosnia and Herzegovina between 1992 and 1995,1992-04-06T00:00:00Z,1995-12-14T00:00:00Z,http://www.wikidata.org/entity/Q188736,,,,http://www.wikidata.org/entity/Q242352,Yugoslav Wars,ethnic conflicts fought from 1991 to 2001 on the territory of former Yugoslavia,Q181533,Q188736,,,Q242352
http://www.wikidata.org/entity/Q151622,Israeli–Palestinian conflict,military and political struggle between Israel and the Palestinians,1950-01-01T00:00:00Z,,http://www.wikidata.org/entity/Q219060,14500,http://www.wikidata.org/entity/Q2992527,,http://www.wikidata.org/entity/Q8669,Arab–Israeli conflict,geopolitical conflict in the Middle East and North Africa,Q151622,Q219060,Q2992527,,Q8669
http://www.wikidata.org/entity/Q48249,Falklands War,1982 war between Argentina and the United Kingdom,1982-04-02T00:00:00Z,1982-06-14T00:00:00Z,http://www.wikidata.org/entity/Q35086,891,,,http://www.wikidata.org/entity/Q4379537,Falkland Islands sovereignty dispute,dispute between Argentina and the United Kingdom,Q48249,Q35086,,,Q4379537
http://www.wikidata.org/entity/Q49104,2006 Lebanon War,military conflict between Hezbollah and Israeli forces,2006-07-12T00:00:00Z,2006-08-14T00:00:00Z,http://www.wikidata.org/entity/Q81483,1191,,,http://www.wikidata.org/entity/Q3241199,Israeli-Lebanese conflict,"war between Israeli, Lebanese, Syrian, and other forces in Lebanon since 1948",Q49104,Q81483,,,Q3241199
http://www.wikidata.org/entity/Q49100,Yom Kippur War,October 1973 war between Israel at one side and Egypt and Syria on the other side,1973-10-06T00:00:00Z,1973-10-25T00:00:00Z,http://www.wikidata.org/entity/Q899,,,,http://www.wikidata.org/entity/Q8669,Arab–Israeli conflict,geopolitical conflict in the Middle East and North Africa,Q49100,Q899,,,Q8669
http://www.wikidata.org/entity/Q49100,Yom Kippur War,October 1973 war between Israel at one side and Egypt and Syria on the other side,1973-10-06T00:00:00Z,1973-10-25T00:00:00Z,http://www.wikidata.org/entity/Q7204,,,,http://www.wikidata.org/entity/Q8669,Arab–Israeli conflict,geopolitical conflict in the Middle East and North Africa,Q49100,Q7204,,,Q8669
http://www.wikidata.org/entity/Q49092,1948 Arab–Israeli War,"military conflict (1948–9) between the newly declared State of Israel and states of the Arab League and Palestinian militias, ending with Israeli victory, Jordanian occpuation of West Bank, and Egyptian occupation of the Gaza Strip",1947-10-30T00:00:00Z,1949-03-10T00:00:00Z,http://www.wikidata.org/entity/Q1480109,,,,http://www.wikidata.org/entity/Q8669,Arab–Israeli conflict,geopolitical conflict in the Middle East and North Africa,Q49092,Q1480109,,,Q8669
http://www.wikidata.org/entity/Q8740,Vietnam War,"1964–1975 armed conflict in Vietnam, Laos, and Cambodia between North Vietnam and South Vietnam",1965-11-01T00:00:00Z,1975-04-30T00:00:00Z,http://www.wikidata.org/entity/Q180573,4211459,,,http://www.wikidata.org/entity/Q8683,Cold War,state of geopolitical tension after World War II between powers in the Eastern Bloc and the Western Bloc,Q8740,Q180573,,,Q8683
http://www.wikidata.org/entity/Q75756,Second Congo War,war in Africa,1998-08-02T00:00:00Z,2003-06-30T00:00:00Z,http://www.wikidata.org/entity/Q974,,,,http://www.wikidata.org/entity/Q364610,Congo Civil War,Wikimedia disambiguation page,Q75756,Q974,,,Q364610
http://www.wikidata.org/entity/Q49092,1948 Arab–Israeli War,"military conflict (1948–9) between the newly declared State of Israel and states of the Arab League and Palestinian militias, ending with Israeli victory, Jordanian occpuation of West Bank, and Egyptian occupation of the Gaza Strip",1947-10-30T00:00:00Z,1949-03-10T00:00:00Z,http://www.wikidata.org/entity/Q193714,,,,http://www.wikidata.org/entity/Q8669,Arab–Israeli conflict,geopolitical conflict in the Middle East and North Africa,Q49092,Q193714,,,Q8669
http://www.wikidata.org/entity/Q37643,Gulf War,1990–1991 war between Iraq and Coalition Forces,1990-08-02T00:00:00Z,1991-02-28T00:00:00Z,http://www.wikidata.org/entity/Q796,,,,,,,Q37643,Q796,,,
http://www.wikidata.org/entity/Q37643,Gulf War,1990–1991 war between Iraq and Coalition Forces,1990-08-02T00:00:00Z,1991-02-28T00:00:00Z,http://www.wikidata.org/entity/Q801,,,,,,,Q37643,Q801,,,
http://www.wikidata.org/entity/Q37643,Gulf War,1990–1991 war between Iraq and Coalition Forces,1990-08-02T00:00:00Z,1991-02-28T00:00:00Z,http://www.wikidata.org/entity/Q817,,,,,,,Q37643,Q817,,,
http://www.wikidata.org/entity/Q37643,Gulf War,1990–1991 war between Iraq and Coalition Forces,1990-08-02T00:00:00Z,1991-02-28T00:00:00Z,http://www.wikidata.org/entity/Q851,,,,,,,Q37643,Q851,,,
http://www.wikidata.org/entity/Q37643,Gulf War,1990–1991 war between Iraq and Coalition Forces,1990-08-02T00:00:00Z,1991-02-28T00:00:00Z,http://www.wikidata.org/entity/Q31945,,,,,,,Q37643,Q31945,,,
http://www.wikidata.org/entity/Q151622,Israeli–Palestinian conflict,military and political struggle between Israel and the Palestinians,1950-01-01T00:00:00Z,,http://www.wikidata.org/entity/Q801,14500,http://www.wikidata.org/entity/Q2992527,,http://www.wikidata.org/entity/Q8669,Arab–Israeli conflict,geopolitical conflict in the Middle East and North Africa,Q151622,Q801,Q2992527,,Q8669
http://www.wikidata.org/entity/Q8740,Vietnam War,"1964–1975 armed conflict in Vietnam, Laos, and Cambodia between North Vietnam and South Vietnam",1965-11-01T00:00:00Z,1975-04-30T00:00:00Z,http://www.wikidata.org/entity/Q180573,1291425,,,http://www.wikidata.org/entity/Q8683,Cold War,state of geopolitical tension after World War II between powers in the Eastern Bloc and the Western Bloc,Q8740,Q180573,,,Q8683
http://www.wikidata.org/entity/Q82664,Iran–Iraq War,war between Iran and Iraq from September 1980 to August 1988,1980-09-22T00:00:00Z,1988-08-20T00:00:00Z,http://www.wikidata.org/entity/Q794,,,,http://www.wikidata.org/entity/Q13408125,Gulf War,Wikimedia disambiguation page,Q82664,Q794,,,Q13408125
http://www.wikidata.org/entity/Q82664,Iran–Iraq War,war between Iran and Iraq from September 1980 to August 1988,1980-09-22T00:00:00Z,1988-08-20T00:00:00Z,http://www.wikidata.org/entity/Q796,,,,http://www.wikidata.org/entity/Q13408125,Gulf War,Wikimedia disambiguation page,Q82664,Q796,,,Q13408125
http://www.wikidata.org/entity/Q49100,Yom Kippur War,October 1973 war between Israel at one side and Egypt and Syria on the other side,1973-10-06T00:00:00Z,1973-10-25T00:00:00Z,http://www.wikidata.org/entity/Q36755,,,,http://www.wikidata.org/entity/Q8669,Arab–Israeli conflict,geopolitical conflict in the Middle East and North Africa,Q49100,Q36755,,,Q8669
http://www.wikidata.org/entity/Q182865,War in Afghanistan,war in Afghanistan since 2001,2001-10-07T00:00:00Z,2014-12-28T00:00:00Z,http://www.wikidata.org/entity/Q889,,http://www.wikidata.org/entity/Q12302518,http://www.wikidata.org/entity/Q18920712,http://www.wikidata.org/entity/Q1519107,War in Afghanistan,Ongoing conflicts in Afghanistan since 1978,Q182865,Q889,Q12302518,Q18920712,Q1519107
http://www.wikidata.org/entity/Q49100,Yom Kippur War,October 1973 war between Israel at one side and Egypt and Syria on the other side,1973-10-06T00:00:00Z,1973-10-25T00:00:00Z,http://www.wikidata.org/entity/Q899,,,,http://www.wikidata.org/entity/Q8683,Cold War,state of geopolitical tension after World War II between powers in the Eastern Bloc and the Western Bloc,Q49100,Q899,,,Q8683
http://www.wikidata.org/entity/Q68969,Croatian War of Independence,war of independence fought from 1991 to 1995,1991-03-31T00:00:00Z,1995-08-07T00:00:00Z,http://www.wikidata.org/entity/Q224,,,,http://www.wikidata.org/entity/Q242352,Yugoslav Wars,ethnic conflicts fought from 1991 to 2001 on the territory of former Yugoslavia,Q68969,Q224,,,Q242352
http://www.wikidata.org/entity/Q29269,First Chechen War,"war fought from 11 December 1994 to 31 August 1996, between Chechnya and Russia",1994-12-11T00:00:00Z,1996-08-31T00:00:00Z,http://www.wikidata.org/entity/Q5118,,,,http://www.wikidata.org/entity/Q14947002,Chechen–Russian conflict,centuries-long conflict,Q29269,Q5118,,,Q14947002
http://www.wikidata.org/entity/Q29269,First Chechen War,"war fought from 11 December 1994 to 31 August 1996, between Chechnya and Russia",1994-12-11T00:00:00Z,1996-08-31T00:00:00Z,http://www.wikidata.org/entity/Q5187,,,,http://www.wikidata.org/entity/Q14947002,Chechen–Russian conflict,centuries-long conflict,Q29269,Q5187,,,Q14947002
http://www.wikidata.org/entity/Q29269,First Chechen War,"war fought from 11 December 1994 to 31 August 1996, between Chechnya and Russia",1994-12-11T00:00:00Z,1996-08-31T00:00:00Z,http://www.wikidata.org/entity/Q5207,,,,http://www.wikidata.org/entity/Q14947002,Chechen–Russian conflict,centuries-long conflict,Q29269,Q5207,,,Q14947002
http://www.wikidata.org/entity/Q29269,First Chechen War,"war fought from 11 December 1994 to 31 August 1996, between Chechnya and Russia",1994-12-11T00:00:00Z,1996-08-31T00:00:00Z,http://www.wikidata.org/entity/Q5219,,,,http://www.wikidata.org/entity/Q14947002,Chechen–Russian conflict,centuries-long conflict,Q29269,Q5219,,,Q14947002
http://www.wikidata.org/entity/Q170682,Gaza War,December 2008-January 2009 armed conflict in the Gaza Strip,2008-12-27T00:00:00Z,2009-01-18T00:00:00Z,http://www.wikidata.org/entity/Q188781,,,,http://www.wikidata.org/entity/Q553184,Gaza–Israel conflict,conflict between Gaza and Israel,Q170682,Q188781,,,Q553184
http://www.wikidata.org/entity/Q179275,War in North-West Pakistan,armed conflict involving Pakistan and armed militant groups,2004-03-16T00:00:00Z,,http://www.wikidata.org/entity/Q208270,,,,http://www.wikidata.org/entity/Q185729,War on Terror,international military campaign that started after 11 September 2001,Q179275,Q208270,,,Q185729
http://www.wikidata.org/entity/Q49100,Yom Kippur War,October 1973 war between Israel at one side and Egypt and Syria on the other side,1973-10-06T00:00:00Z,1973-10-25T00:00:00Z,http://www.wikidata.org/entity/Q83210,,,,http://www.wikidata.org/entity/Q8669,Arab–Israeli conflict,geopolitical conflict in the Middle East and North Africa,Q49100,Q83210,,,Q8669
http://www.wikidata.org/entity/Q170682,Gaza War,December 2008-January 2009 armed conflict in the Gaza Strip,2008-12-27T00:00:00Z,2009-01-18T00:00:00Z,http://www.wikidata.org/entity/Q188781,,,,http://www.wikidata.org/entity/Q15059994,Iran–Israel proxy conflict,ongoing indirect conflict between Iran and Israel,Q170682,Q188781,,,Q15059994
http://www.wikidata.org/entity/Q49100,Yom Kippur War,October 1973 war between Israel at one side and Egypt and Syria on the other side,1973-10-06T00:00:00Z,1973-10-25T00:00:00Z,http://www.wikidata.org/entity/Q7204,,,,http://www.wikidata.org/entity/Q8683,Cold War,state of geopolitical tension after World War II between powers in the Eastern Bloc and the Western Bloc,Q49100,Q7204,,,Q8683
http://www.wikidata.org/entity/Q49092,1948 Arab–Israeli War,"military conflict (1948–9) between the newly declared State of Israel and states of the Arab League and Palestinian militias, ending with Israeli victory, Jordanian occpuation of West Bank, and Egyptian occupation of the Gaza Strip",1947-10-30T00:00:00Z,1949-03-10T00:00:00Z,http://www.wikidata.org/entity/Q36755,,,,http://www.wikidata.org/entity/Q8669,Arab–Israeli conflict,geopolitical conflict in the Middle East and North Africa,Q49092,Q36755,,,Q8669
http://www.wikidata.org/entity/Q120843,Second Chechen War,war,1999-08-26T00:00:00Z,2009-04-15T00:00:00Z,http://www.wikidata.org/entity/Q5187,,,,http://www.wikidata.org/entity/Q14947002,Chechen–Russian conflict,centuries-long conflict,Q120843,Q5187,,,Q14947002
http://www.wikidata.org/entity/Q8663,Korean War,1950–1953 war between North Korea and South Korea,1950-06-25T00:00:00Z,1953-07-27T00:00:00Z,http://www.wikidata.org/entity/Q483134,,,,http://www.wikidata.org/entity/Q8683,Cold War,state of geopolitical tension after World War II between powers in the Eastern Bloc and the Western Bloc,Q8663,Q483134,,,Q8683
http://www.wikidata.org/entity/Q842380,Second Sudanese Civil War,civil war,1983-06-05T00:00:00Z,2005-01-09T00:00:00Z,http://www.wikidata.org/entity/Q882739,,,,,,,Q842380,Q882739,,,
http://www.wikidata.org/entity/Q213394,Sri Lankan Civil War,armed conflict in Sri Lanka (1983–2009) between the government and the separatist organization Liberation Tigers of Tamil Eelam,1983-07-23T00:00:00Z,2009-05-18T00:00:00Z,http://www.wikidata.org/entity/Q854,100000,,,,,,Q213394,Q854,,,
http://www.wikidata.org/entity/Q817206,Cambodian Civil War,civil war in Cambodia between 1970 and 1975,1967-03-11T00:00:00Z,1975-04-17T00:00:00Z,http://www.wikidata.org/entity/Q2638486,,,,http://www.wikidata.org/entity/Q8683,Cold War,state of geopolitical tension after World War II between powers in the Eastern Bloc and the Western Bloc,Q817206,Q2638486,,,Q8683
http://www.wikidata.org/entity/Q817206,Cambodian Civil War,civil war in Cambodia between 1970 and 1975,1967-03-11T00:00:00Z,1975-04-17T00:00:00Z,http://www.wikidata.org/entity/Q1054184,,,,http://www.wikidata.org/entity/Q8683,Cold War,state of geopolitical tension after World War II between powers in the Eastern Bloc and the Western Bloc,Q817206,Q1054184,,,Q8683
http://www.wikidata.org/entity/Q647239,Burundi Civil War,civil war in Burundi between 1993-2005,1993-10-21T00:00:00Z,2005-05-15T00:00:00Z,http://www.wikidata.org/entity/Q967,,,,,,,Q647239,Q967,,,
http://www.wikidata.org/entity/Q1477500,First Liberian Civil War,1989–1996 civil war in Liberia,1989-12-24T00:00:00Z,1997-08-02T00:00:00Z,http://www.wikidata.org/entity/Q1014,,,,http://www.wikidata.org/entity/Q1185186,Liberian Civil War,Wikimedia disambiguation page,Q1477500,Q1014,,,Q1185186
http://www.wikidata.org/entity/Q188972,Greek Civil War,1946-1949 civil war in Greece,1946-03-30T00:00:00Z,1949-10-16T00:00:00Z,http://www.wikidata.org/entity/Q41,,,,http://www.wikidata.org/entity/Q8683,Cold War,state of geopolitical tension after World War II between powers in the Eastern Bloc and the Western Bloc,Q188972,Q41,,,Q8683
http://www.wikidata.org/entity/Q829875,Nigerian Civil War,violent conflict within Nigeria,2000-06-01T00:00:00Z,1974-01-15T00:00:00Z,http://www.wikidata.org/entity/Q1033,,,,,,,Q829875,Q1033,,,
http://www.wikidata.org/entity/Q142529,Algerian Civil War,In 1991-2002 civil war in Algeria,1991-12-26T00:00:00Z,2002-02-08T00:00:00Z,http://www.wikidata.org/entity/Q262,,,,http://www.wikidata.org/entity/Q185729,War on Terror,international military campaign that started after 11 September 2001,Q142529,Q262,,,Q185729
http://www.wikidata.org/entity/Q817206,Cambodian Civil War,civil war in Cambodia between 1970 and 1975,1967-03-11T00:00:00Z,1975-04-17T00:00:00Z,http://www.wikidata.org/entity/Q2638486,,,,http://www.wikidata.org/entity/Q8740,Vietnam War,"1964–1975 armed conflict in Vietnam, Laos, and Cambodia between North Vietnam and South Vietnam",Q817206,Q2638486,,,Q8740
http://www.wikidata.org/entity/Q1276892,South Yemen Civil War,,1986-01-13T00:00:00Z,1986-01-24T00:00:00Z,http://www.wikidata.org/entity/Q199841,,,,,,,Q1276892,Q199841,,,
http://www.wikidata.org/entity/Q66474138,War in Catatumbo,,2018-01-01T00:00:00Z,,http://www.wikidata.org/entity/Q1948210,,,,http://www.wikidata.org/entity/Q169072,Colombian conflict,"low-intensity asymmetric war, beginning in 1964, between Colombian governments, paramilitary groups, crime syndicates and far-left guerrillas (FARC, ELN, etc.)",Q66474138,Q1948210,,,Q169072
http://www.wikidata.org/entity/Q817206,Cambodian Civil War,civil war in Cambodia between 1970 and 1975,1967-03-11T00:00:00Z,1975-04-17T00:00:00Z,http://www.wikidata.org/entity/Q1054184,,,,http://www.wikidata.org/entity/Q8740,Vietnam War,"1964–1975 armed conflict in Vietnam, Laos, and Cambodia between North Vietnam and South Vietnam",Q817206,Q1054184,,,Q8740
http://www.wikidata.org/entity/Q852088,Internal conflict in Myanmar,series of ongoing insurgencies within Myanmar,1948-04-02T00:00:00Z,,http://www.wikidata.org/entity/Q836,,,,,,,Q852088,Q836,,,
http://www.wikidata.org/entity/Q54448834,Gunnut Operation,Azerbaijan Army Operation Sharur District Gained Some Hill And Gunnut Village,2018-05-20T00:00:00Z,2018-05-27T00:00:00Z,http://www.wikidata.org/entity/Q2523428,,,,http://www.wikidata.org/entity/Q16954835,Nagorno-Karabakh conflict,ethnic conflict between the Republic of Armenia and Azerbaijan,Q54448834,Q2523428,,,Q16954835
http://www.wikidata.org/entity/Q1154912,Iraqi Kurdish Civil War,,1994-05-01T00:00:00Z,1997-11-24T00:00:00Z,http://www.wikidata.org/entity/Q205047,,,,http://www.wikidata.org/entity/Q6068230,Iraqi–Kurdish conflict,wars and rebellions by Iraqi Kurds against the government,Q1154912,Q205047,,,Q6068230
http://www.wikidata.org/entity/Q66474138,War in Catatumbo,,2018-01-01T00:00:00Z,,http://www.wikidata.org/entity/Q1948210,,,,http://www.wikidata.org/entity/Q185517,war on drugs,concept,Q66474138,Q1948210,,,Q185517
http://www.wikidata.org/entity/Q163883,Ten-Day War,civil war in Yugoslavia following the Slovenian declaration of independence on 25 June 1991,1991-06-27T00:00:00Z,1991-07-07T00:00:00Z,http://www.wikidata.org/entity/Q215,,,,http://www.wikidata.org/entity/Q242352,Yugoslav Wars,ethnic conflicts fought from 1991 to 2001 on the territory of former Yugoslavia,Q163883,Q215,,,Q242352
http://www.wikidata.org/entity/Q185407,La Violencia,civil war in Colombia between 1946 and 1958,1949-12-06T00:00:00Z,1958-01-01T00:00:00Z,http://www.wikidata.org/entity/Q739,200000,,,,,,Q185407,Q739,,,
http://www.wikidata.org/entity/Q945700,Chad-Sudan Conflict  (2005–2010),conflict,2005-12-18T00:00:00Z,2010-01-15T00:00:00Z,http://www.wikidata.org/entity/Q657,,,,,,,Q945700,Q657,,,
http://www.wikidata.org/entity/Q782474,Chadian Civil War of 1965–79,,1965-01-01T00:00:00Z,1979-01-01T00:00:00Z,http://www.wikidata.org/entity/Q657,,,,,,,Q782474,Q657,,,
http://www.wikidata.org/entity/Q68718107,Moba Wars,wars in Zaire,1984-11-01T00:00:00Z,1987-01-01T00:00:00Z,http://www.wikidata.org/entity/Q1986207,,,,,,,Q68718107,Q1986207,,,
http://www.wikidata.org/entity/Q521199,North Yemen Civil War,,1962-09-26T00:00:00Z,1970-01-01T00:00:00Z,http://www.wikidata.org/entity/Q1998401,,,,http://www.wikidata.org/entity/Q4783165,Arab Cold War,series of conflicts in the Arab world between the new republics led by Gamal Abdel Nasser of Egypt and the more traditionalist kingdoms led by King Faisal of Saudi Arabia,Q521199,Q1998401,,,Q4783165
http://www.wikidata.org/entity/Q1122110,Civil war in Tajikistan,civil war,1992-05-05T00:00:00Z,1997-06-27T00:00:00Z,http://www.wikidata.org/entity/Q863,,,,,,,Q1122110,Q863,,,
http://www.wikidata.org/entity/Q209965,Casamance conflict,ongoing low-level conflict between the Government of Senegal and the Movement of Democratic Forces of Casamance since 1982,1982-01-01T00:00:00Z,2014-05-01T00:00:00Z,http://www.wikidata.org/entity/Q1041,5000,,,,,,Q209965,Q1041,,,
http://www.wikidata.org/entity/Q795269,Sierra Leone Civil War,civil war between Commonwealth-backed government and rebel factions,1991-03-23T00:00:00Z,2002-01-18T00:00:00Z,http://www.wikidata.org/entity/Q1044,,,,,,,Q795269,Q1044,,,
http://www.wikidata.org/entity/Q208484,Lebanese Civil War,civil war,1975-04-14T00:00:00Z,1990-10-13T00:00:00Z,http://www.wikidata.org/entity/Q822,,,,,,,Q208484,Q822,,,
http://www.wikidata.org/entity/Q81545,2011 Libyan Civil War,2011 armed conflict in the North African country of Libya,2011-02-15T00:00:00Z,2011-10-23T00:00:00Z,http://www.wikidata.org/entity/Q1016,,,,http://www.wikidata.org/entity/Q33761,Arab Spring,protests and revolutions in the Arab world,Q81545,Q1016,,,Q33761
http://www.wikidata.org/entity/Q1087909,Second Ivorian Civil War,,2010-11-28T00:00:00Z,2011-04-11T00:00:00Z,http://www.wikidata.org/entity/Q1008,,,,,,,Q1087909,Q1008,,,
http://www.wikidata.org/entity/Q1052332,War in Somalia (2009–),"present phase of the Somali Civil War, which is concentrated in southern Somalia",2009-01-31T00:00:00Z,,http://www.wikidata.org/entity/Q1045,,http://www.wikidata.org/entity/Q1072042,,http://www.wikidata.org/entity/Q243620,Somali Civil War,civil war taking place in Somalia since 1991,Q1052332,Q1045,Q1072042,,Q243620
http://www.wikidata.org/entity/Q877450,Laotian Civil War,1959–1975 civil war in Laos,1953-11-09T00:00:00Z,1975-12-02T00:00:00Z,http://www.wikidata.org/entity/Q870055,,,,http://www.wikidata.org/entity/Q8683,Cold War,state of geopolitical tension after World War II between powers in the Eastern Bloc and the Western Bloc,Q877450,Q870055,,,Q8683
http://www.wikidata.org/entity/Q817206,Cambodian Civil War,civil war in Cambodia between 1970 and 1975,1967-03-11T00:00:00Z,1975-04-17T00:00:00Z,http://www.wikidata.org/entity/Q2638486,,,,http://www.wikidata.org/entity/Q2342102,Indochina Wars,series of wars fought in Southeast Asia from 1946 until 1989,Q817206,Q2638486,,,Q2342102
http://www.wikidata.org/entity/Q1021175,First Ivorian Civil War,civil war,2002-09-19T00:00:00Z,2007-03-04T00:00:00Z,http://www.wikidata.org/entity/Q1008,,,,,,,Q1021175,Q1008,,,
http://www.wikidata.org/entity/Q817206,Cambodian Civil War,civil war in Cambodia between 1970 and 1975,1967-03-11T00:00:00Z,1975-04-17T00:00:00Z,http://www.wikidata.org/entity/Q1054184,,,,http://www.wikidata.org/entity/Q2342102,Indochina Wars,series of wars fought in Southeast Asia from 1946 until 1989,Q817206,Q1054184,,,Q2342102
http://www.wikidata.org/entity/Q877450,Laotian Civil War,1959–1975 civil war in Laos,1953-11-09T00:00:00Z,1975-12-02T00:00:00Z,http://www.wikidata.org/entity/Q870055,,,,http://www.wikidata.org/entity/Q8740,Vietnam War,"1964–1975 armed conflict in Vietnam, Laos, and Cambodia between North Vietnam and South Vietnam",Q877450,Q870055,,,Q8740
http://www.wikidata.org/entity/Q54448834,Gunnut Operation,Azerbaijan Army Operation Sharur District Gained Some Hill And Gunnut Village,2018-05-20T00:00:00Z,2018-05-27T00:00:00Z,http://www.wikidata.org/entity/Q131083,,,,http://www.wikidata.org/entity/Q16954835,Nagorno-Karabakh conflict,ethnic conflict between the Republic of Armenia and Azerbaijan,Q54448834,Q131083,,,Q16954835
http://www.wikidata.org/entity/Q66474138,War in Catatumbo,,2018-01-01T00:00:00Z,,http://www.wikidata.org/entity/Q1948210,,,,http://www.wikidata.org/entity/Q28485502,crisis en Venezuela,socioeconomic and political crisis in Venezuela in the 21st century,Q66474138,Q1948210,,,Q28485502
http://www.wikidata.org/entity/Q657661,Mozambican Civil War,civil war,1977-05-30T00:00:00Z,1992-10-04T00:00:00Z,http://www.wikidata.org/entity/Q617078,,,,http://www.wikidata.org/entity/Q8683,Cold War,state of geopolitical tension after World War II between powers in the Eastern Bloc and the Western Bloc,Q657661,Q617078,,,Q8683
http://www.wikidata.org/entity/Q426722,Rwandan Civil War,1990-1994 civil conflict in Rwanda,1990-10-01T00:00:00Z,1993-08-04T00:00:00Z,http://www.wikidata.org/entity/Q1037,,,,,,,Q426722,Q1037,,,
http://www.wikidata.org/entity/Q55600802,1964 Ethiopian-Somali Border War,,1964-02-01T00:00:00Z,1964-04-01T00:00:00Z,http://www.wikidata.org/entity/Q137555,,,,,,,Q55600802,Q137555,,,
http://www.wikidata.org/entity/Q877450,Laotian Civil War,1959–1975 civil war in Laos,1959-05-23T00:00:00Z,1975-12-02T00:00:00Z,http://www.wikidata.org/entity/Q870055,,,,http://www.wikidata.org/entity/Q8683,Cold War,state of geopolitical tension after World War II between powers in the Eastern Bloc and the Western Bloc,Q877450,Q870055,,,Q8683
http://www.wikidata.org/entity/Q1915188,Suriname Guerrilla War,1986-1992 civil war in Suriname,1986-01-01T00:00:00Z,1992-01-01T00:00:00Z,http://www.wikidata.org/entity/Q730,,,,,,,Q1915188,Q730,,,
http://www.wikidata.org/entity/Q1781457,Bissau-Guinean Civil War,1998-1999 civil war in Guinea-Bissau,1998-06-07T00:00:00Z,1999-05-10T00:00:00Z,http://www.wikidata.org/entity/Q1007,,,,,,,Q1781457,Q1007,,,
http://www.wikidata.org/entity/Q1021172,Republic of the Congo Civil War,civil war,1997-01-01T00:00:00Z,1999-01-01T00:00:00Z,http://www.wikidata.org/entity/Q971,,,,,,,Q1021172,Q971,,,
http://www.wikidata.org/entity/Q877450,Laotian Civil War,1959–1975 civil war in Laos,1959-05-23T00:00:00Z,1975-12-02T00:00:00Z,http://www.wikidata.org/entity/Q870055,,,,http://www.wikidata.org/entity/Q8740,Vietnam War,"1964–1975 armed conflict in Vietnam, Laos, and Cambodia between North Vietnam and South Vietnam",Q877450,Q870055,,,Q8740
http://www.wikidata.org/entity/Q1960733,Second Liberian Civil War,1999-2003 civil war in Liberia,1999-04-21T00:00:00Z,2003-08-18T00:00:00Z,http://www.wikidata.org/entity/Q1014,,,,,,,Q1960733,Q1014,,,
http://www.wikidata.org/entity/Q1122422,Paraguayan Civil War of 1947,1947 civil war in Paraguay,1947-03-07T00:00:00Z,1947-08-20T00:00:00Z,http://www.wikidata.org/entity/Q733,,,,,,,Q1122422,Q733,,,
http://www.wikidata.org/entity/Q1282732,Guatemalan Civil War,1960-1996 civil war in Guatemala,1965-03-03T00:00:00Z,1996-12-29T00:00:00Z,http://www.wikidata.org/entity/Q774,,,,http://www.wikidata.org/entity/Q8683,Cold War,state of geopolitical tension after World War II between powers in the Eastern Bloc and the Western Bloc,Q1282732,Q774,,,Q8683
http://www.wikidata.org/entity/Q178810,Syrian Civil War,ongoing multi-sided armed conflict in Syria,2011-03-15T00:00:00Z,,http://www.wikidata.org/entity/Q858,570000,,,http://www.wikidata.org/entity/Q33761,Arab Spring,protests and revolutions in the Arab world,Q178810,Q858,,,Q33761
http://www.wikidata.org/entity/Q2002975,Nepalese Civil War,civil war in Nepal between 1996 and 2006,1996-02-13T00:00:00Z,2006-11-21T00:00:00Z,http://www.wikidata.org/entity/Q837,,,,,,,Q2002975,Q837,,,
http://www.wikidata.org/entity/Q243620,Somali Civil War,civil war taking place in Somalia since 1991,1991-01-26T00:00:00Z,,http://www.wikidata.org/entity/Q1045,,,,http://www.wikidata.org/entity/Q40719,Conflicts in the Horn of Africa,Wikimedia list article,Q243620,Q1045,,,Q40719
http://www.wikidata.org/entity/Q178810,Syrian Civil War,ongoing multi-sided armed conflict in Syria,2011-03-15T00:00:00Z,,http://www.wikidata.org/entity/Q858,570000,,,http://www.wikidata.org/entity/Q17512479,Arab Winter,wide-scale violence and instability evolving in the aftermath of the Arab Spring,Q178810,Q858,,,Q17512479
http://www.wikidata.org/entity/Q1980081,Civil war in Afghanistan (1992–96),,1992-04-30T00:00:00Z,1996-09-27T00:00:00Z,http://www.wikidata.org/entity/Q889,,http://www.wikidata.org/entity/Q2405009,http://www.wikidata.org/entity/Q12302518,http://www.wikidata.org/entity/Q1519107,War in Afghanistan,Ongoing conflicts in Afghanistan since 1978,Q1980081,Q889,Q2405009,Q12302518,Q1519107
http://www.wikidata.org/entity/Q257724,Ethiopian Civil War,civil war in Ethiopia between 1974 and 1991,1974-09-12T00:00:00Z,1991-06-04T00:00:00Z,http://www.wikidata.org/entity/Q115,,,,http://www.wikidata.org/entity/Q8683,Cold War,state of geopolitical tension after World War II between powers in the Eastern Bloc and the Western Bloc,Q257724,Q115,,,Q8683
http://www.wikidata.org/entity/Q1070890,Georgian Civil War,war,1991-12-22T00:00:00Z,1993-12-31T00:00:00Z,http://www.wikidata.org/entity/Q230,,,,,,,Q1070890,Q230,,,
http://www.wikidata.org/entity/Q17272643,spillover of the Syrian Civil War,impact of the Syrian Civil War in the Arab world,2011-01-01T00:00:00Z,,http://www.wikidata.org/entity/Q79,,,,http://www.wikidata.org/entity/Q178810,Syrian Civil War,ongoing multi-sided armed conflict in Syria,Q17272643,Q79,,,Q178810
http://www.wikidata.org/entity/Q381375,Nagorno-Karabakh War,armed conflict that took place in the late 1980s to May 1994,1988-02-20T00:00:00Z,1994-05-12T00:00:00Z,http://www.wikidata.org/entity/Q44302,,,,http://www.wikidata.org/entity/Q16954835,Nagorno-Karabakh conflict,ethnic conflict between the Republic of Armenia and Azerbaijan,Q381375,Q44302,,,Q16954835
http://www.wikidata.org/entity/Q322607,War of Attrition,1967-1970 war between Israel and Egypt,1967-07-01T00:00:00Z,1970-08-07T00:00:00Z,http://www.wikidata.org/entity/Q36755,,,,http://www.wikidata.org/entity/Q8683,Cold War,state of geopolitical tension after World War II between powers in the Eastern Bloc and the Western Bloc,Q322607,Q36755,,,Q8683
http://www.wikidata.org/entity/Q959303,War in Abkhazia (1998),ethnic armed conflict in the western Georgian region of Abkhazia,1998-05-20T00:00:00Z,1998-05-26T00:00:00Z,http://www.wikidata.org/entity/Q23334,,,,http://www.wikidata.org/entity/Q321780,Georgian–Abkhazian conflict,Georgian–Abkhazian conflict,Q959303,Q23334,,,Q321780
http://www.wikidata.org/entity/Q748780,First Indochina War,war in French Indochina from 1946 to 1954,1946-12-19T00:00:00Z,1954-08-01T00:00:00Z,http://www.wikidata.org/entity/Q185682,,,,http://www.wikidata.org/entity/Q2342102,Indochina Wars,series of wars fought in Southeast Asia from 1946 until 1989,Q748780,Q185682,,,Q2342102
http://www.wikidata.org/entity/Q242352,Yugoslav Wars,ethnic conflicts fought from 1991 to 2001 on the territory of former Yugoslavia,1991-03-31T00:00:00Z,2001-11-12T00:00:00Z,http://www.wikidata.org/entity/Q36704,,,,http://www.wikidata.org/entity/Q4390259,breakup of Yugoslavia,process starting in mid-1991 leading to the dissolution of the state of Yugoslavia,Q242352,Q36704,,,Q4390259
http://www.wikidata.org/entity/Q4072719,Afghanistan–Pakistan skirmishes,"cross-border shellings that have occurred since 1949, lately since mid-2003",1949-01-01T00:00:00Z,,http://www.wikidata.org/entity/Q288292,,,,http://www.wikidata.org/entity/Q7703943,terrorism in Pakistan,Terrorisim in Pakistan,Q4072719,Q288292,,,Q7703943
http://www.wikidata.org/entity/Q303801,Lord's Resistance Army insurgency,ongoing insurgency in central africa,1987-01-01T00:00:00Z,,,,,,,,,Q303801,,,,
http://www.wikidata.org/entity/Q1143379,1991–1992 South Ossetia War,war,1991-01-05T00:00:00Z,1992-06-24T00:00:00Z,http://www.wikidata.org/entity/Q23427,,,,http://www.wikidata.org/entity/Q29242,Georgian–Ossetian conflict,ethno-political conflict over Georgia's autonomous region of South Ossetia,Q1143379,Q23427,,,Q29242
http://www.wikidata.org/entity/Q6067814,Iraq War troop surge of 2007,increase in US soldiers stationed in Iraq,2007-01-10T00:00:00Z,2008-07-01T00:00:00Z,http://www.wikidata.org/entity/Q796,,,,http://www.wikidata.org/entity/Q545449,Iraq War,war which started on 20 March 2003,Q6067814,Q796,,,Q545449
http://www.wikidata.org/entity/Q1072042,War in Somalia (2006-2009),"armed conflict involving largely Ethiopian and Somali Transitional Federal Government (TFG) forces and Somali troops from Puntland vs the Somali Islamist umbrella group, the Islamic Court Union (ICU) and other affiliated militias",2006-12-20T00:00:00Z,2009-01-30T00:00:00Z,http://www.wikidata.org/entity/Q1045,,,http://www.wikidata.org/entity/Q1052332,http://www.wikidata.org/entity/Q5692053,Ethiopian–Somali conflict,,Q1072042,Q1045,,Q1052332,Q5692053
http://www.wikidata.org/entity/Q17324420,2014 Israel–Gaza conflict,War fought between the Israel Defense Forces and the Hamas-governed Gaza Strip during 2014,2014-07-08T00:00:00Z,2014-08-26T00:00:00Z,http://www.wikidata.org/entity/Q801,71,,,http://www.wikidata.org/entity/Q553184,Gaza–Israel conflict,conflict between Gaza and Israel,Q17324420,Q801,,,Q553184
http://www.wikidata.org/entity/Q3151731,Dirty War,Mexico,1954-01-01T00:00:00Z,2000-01-01T00:00:00Z,http://www.wikidata.org/entity/Q96,,,,http://www.wikidata.org/entity/Q8683,Cold War,state of geopolitical tension after World War II between powers in the Eastern Bloc and the Western Bloc,Q3151731,Q96,,,Q8683
http://www.wikidata.org/entity/Q223085,Football War,1969 War between Honduras and El Salvador,1969-07-14T00:00:00Z,1969-07-18T00:00:00Z,http://www.wikidata.org/entity/Q750,,,,,,,Q223085,Q750,,,
http://www.wikidata.org/entity/Q1936011,Cold War (1962–79),Phase of The Cold War,1962-01-01T00:00:00Z,1979-01-01T00:00:00Z,,,,,,,,Q1936011,,,,
http://www.wikidata.org/entity/Q623171,Sino-Vietnamese War,war between the People's Republic of China and Socialist Republic of Vietnam in 1979,1979-02-17T00:00:00Z,1979-03-16T00:00:00Z,http://www.wikidata.org/entity/Q172640,,,,http://www.wikidata.org/entity/Q796498,Third Indochina War,Wikimedia disambiguation page,Q623171,Q172640,,,Q796498
http://www.wikidata.org/entity/Q619749,Kurdish–Turkish conflict,armed conflict between the Republic of Turkey and various Kurdish insurgent groups,2015-07-24T00:00:00Z,,http://www.wikidata.org/entity/Q155542,,,,http://www.wikidata.org/entity/Q6445763,Kurdish rebellions in Turkey,Kurdish nationalist uprisings in Turkey,Q619749,Q155542,,,Q6445763
http://www.wikidata.org/entity/Q619749,Kurdish–Turkish conflict,armed conflict between the Republic of Turkey and various Kurdish insurgent groups,2015-07-24T00:00:00Z,,http://www.wikidata.org/entity/Q155638,,,,http://www.wikidata.org/entity/Q6445763,Kurdish rebellions in Turkey,Kurdish nationalist uprisings in Turkey,Q619749,Q155638,,,Q6445763
http://www.wikidata.org/entity/Q16335075,War in Donbass,armed conflict in the Donbass region of Ukraine,2014-04-06T00:00:00Z,,http://www.wikidata.org/entity/Q605714,375,,,http://www.wikidata.org/entity/Q15860072,Russian military intervention in Ukraine (2014–present),Russian military intervention in Ukraine,Q16335075,Q605714,,,Q15860072
http://www.wikidata.org/entity/Q327237,Kivu conflict,conflict in the Democratic Republic of the Congo,2004-01-01T00:00:00Z,,http://www.wikidata.org/entity/Q1743993,,,,http://www.wikidata.org/entity/Q364610,Congo Civil War,Wikimedia disambiguation page,Q327237,Q1743993,,,Q364610
http://www.wikidata.org/entity/Q17272643,spillover of the Syrian Civil War,impact of the Syrian Civil War in the Arab world,2011-01-01T00:00:00Z,,http://www.wikidata.org/entity/Q796,,,,http://www.wikidata.org/entity/Q33761,Arab Spring,protests and revolutions in the Arab world,Q17272643,Q796,,,Q33761
http://www.wikidata.org/entity/Q17272643,spillover of the Syrian Civil War,impact of the Syrian Civil War in the Arab world,2011-01-01T00:00:00Z,,http://www.wikidata.org/entity/Q801,,,,http://www.wikidata.org/entity/Q33761,Arab Spring,protests and revolutions in the Arab world,Q17272643,Q801,,,Q33761
http://www.wikidata.org/entity/Q17272643,spillover of the Syrian Civil War,impact of the Syrian Civil War in the Arab world,2011-01-01T00:00:00Z,,http://www.wikidata.org/entity/Q810,,,,http://www.wikidata.org/entity/Q33761,Arab Spring,protests and revolutions in the Arab world,Q17272643,Q810,,,Q33761
http://www.wikidata.org/entity/Q17272643,spillover of the Syrian Civil War,impact of the Syrian Civil War in the Arab world,2011-01-01T00:00:00Z,,http://www.wikidata.org/entity/Q822,,,,http://www.wikidata.org/entity/Q33761,Arab Spring,protests and revolutions in the Arab world,Q17272643,Q822,,,Q33761
http://www.wikidata.org/entity/Q17272643,spillover of the Syrian Civil War,impact of the Syrian Civil War in the Arab world,2011-01-01T00:00:00Z,,http://www.wikidata.org/entity/Q858,,,,http://www.wikidata.org/entity/Q33761,Arab Spring,protests and revolutions in the Arab world,Q17272643,Q858,,,Q33761
http://www.wikidata.org/entity/Q3119132,Indo-Pakistani wars and conflicts,wars between India and Pakistan,1947-10-22T00:00:00Z,,,,,,,,,Q3119132,,,,
http://www.wikidata.org/entity/Q580961,Agacher Strip War,,1985-12-14T00:00:00Z,1985-12-30T00:00:00Z,http://www.wikidata.org/entity/Q3089020,,,,,,,Q580961,Q3089020,,,
http://www.wikidata.org/entity/Q553184,Gaza–Israel conflict,conflict between Gaza and Israel,2006-06-01T00:00:00Z,,,,,,http://www.wikidata.org/entity/Q151622,Israeli–Palestinian conflict,military and political struggle between Israel and the Palestinians,Q553184,,,,Q151622
http://www.wikidata.org/entity/Q620735,Russo-Georgian War,2008 war between Russia and Georgia in South Ossetia,2008-08-07T00:00:00Z,2008-08-12T00:00:00Z,http://www.wikidata.org/entity/Q23427,229,,,http://www.wikidata.org/entity/Q321780,Georgian–Abkhazian conflict,Georgian–Abkhazian conflict,Q620735,Q23427,,,Q321780
http://www.wikidata.org/entity/Q1434602,Libyan–Egyptian War,war,1977-07-21T00:00:00Z,1977-07-24T00:00:00Z,,,,,http://www.wikidata.org/entity/Q4783165,Arab Cold War,series of conflicts in the Arab world between the new republics led by Gamal Abdel Nasser of Egypt and the more traditionalist kingdoms led by King Faisal of Saudi Arabia,Q1434602,,,,Q4783165
http://www.wikidata.org/entity/Q1072042,War in Somalia (2006-2009),"armed conflict involving largely Ethiopian and Somali Transitional Federal Government (TFG) forces and Somali troops from Puntland vs the Somali Islamist umbrella group, the Islamic Court Union (ICU) and other affiliated militias",2006-12-20T00:00:00Z,2009-01-30T00:00:00Z,http://www.wikidata.org/entity/Q1045,,,http://www.wikidata.org/entity/Q1052332,http://www.wikidata.org/entity/Q185729,War on Terror,international military campaign that started after 11 September 2001,Q1072042,Q1045,,Q1052332,Q185729
http://www.wikidata.org/entity/Q16974363,Eastern Theater of Eelam War IV,,2006-07-21T00:00:00Z,2007-07-11T00:00:00Z,http://www.wikidata.org/entity/Q854,,,,http://www.wikidata.org/entity/Q16151540,Eelam War IV,the fourth and final phase of the Sri Lankan civil war,Q16974363,Q854,,,Q16151540
http://www.wikidata.org/entity/Q321780,Georgian–Abkhazian conflict,Georgian–Abkhazian conflict,1989-01-01T00:00:00Z,1993-01-01T00:00:00Z,,,,,,,,Q321780,,,,
http://www.wikidata.org/entity/Q318250,Ethio-Somali War,1977-78 Somali military offensive over the disputed Ogaden region of Ethiopia,1977-07-13T00:00:00Z,1978-03-15T00:00:00Z,http://www.wikidata.org/entity/Q137555,,,,http://www.wikidata.org/entity/Q8683,Cold War,state of geopolitical tension after World War II between powers in the Eastern Bloc and the Western Bloc,Q318250,Q137555,,,Q8683
http://www.wikidata.org/entity/Q16911838,Libyan civil war (2014–present),conflict among rival groups seeking to control of the territory of Libya,2014-05-16T00:00:00Z,,http://www.wikidata.org/entity/Q1016,,,,http://www.wikidata.org/entity/Q33761,Arab Spring,protests and revolutions in the Arab world,Q16911838,Q1016,,,Q33761
http://www.wikidata.org/entity/Q838695,First Congo War,war,1996-10-24T00:00:00Z,1997-05-16T00:00:00Z,http://www.wikidata.org/entity/Q6500954,,,,http://www.wikidata.org/entity/Q364610,Congo Civil War,Wikimedia disambiguation page,Q838695,Q6500954,,,Q364610
http://www.wikidata.org/entity/Q1064335,Pig War,confrontation in 1859 between the United States and the British Empire,1961-04-19T00:00:00Z,1961-04-19T00:00:00Z,http://www.wikidata.org/entity/Q1196315,,,,,,,Q1064335,Q1196315,,,
http://www.wikidata.org/entity/Q16335075,War in Donbass,armed conflict in the Donbass region of Ukraine,2014-04-06T00:00:00Z,,http://www.wikidata.org/entity/Q2012050,375,,,http://www.wikidata.org/entity/Q16918333,Ukrainian crisis,"prolonged political crisis in Ukraine, began on 21 November 2013",Q16335075,Q2012050,,,Q16918333
http://www.wikidata.org/entity/Q1069736,Croat–Bosniak War,war,1992-06-19T00:00:00Z,1994-02-23T00:00:00Z,http://www.wikidata.org/entity/Q225,,,,http://www.wikidata.org/entity/Q181533,Bosnian War,international armed conflict that took place in Bosnia and Herzegovina between 1992 and 1995,Q1069736,Q225,,,Q181533
http://www.wikidata.org/entity/Q1922071,Indo-Pakistani War of 1971,military confrontation between India and Pakistan alongside the Bangladesh Liberation War. India attacked first,1971-12-03T00:00:00Z,1971-12-16T00:00:00Z,http://www.wikidata.org/entity/Q2635466,,,,http://www.wikidata.org/entity/Q10898774,Q10898774,Wikipedia disambiguation page,Q1922071,Q2635466,,,Q10898774
http://www.wikidata.org/entity/Q1760930,Paquisha War,1981 war between Ecuador and Peru,1981-01-28T00:00:00Z,1981-02-05T00:00:00Z,,,,,http://www.wikidata.org/entity/Q2363837,history of the Ecuadorian–Peruvian territorial dispute,,Q1760930,,,,Q2363837
http://www.wikidata.org/entity/Q23403028,Hīt offensive,ongoing offensive in the town of Hīt,2016-03-12T00:00:00Z,2016-04-14T00:00:00Z,http://www.wikidata.org/entity/Q4119531,,,,http://www.wikidata.org/entity/Q17984356,Iraqi Civil War (2014–2017),Armed conflict in the Middle East that began on 1 January 2014,Q23403028,Q4119531,,,Q17984356
http://www.wikidata.org/entity/Q1891008,Sand War,,1963-09-25T00:00:00Z,1964-02-20T00:00:00Z,http://www.wikidata.org/entity/Q231151,,,,http://www.wikidata.org/entity/Q4783165,Arab Cold War,series of conflicts in the Arab world between the new republics led by Gamal Abdel Nasser of Egypt and the more traditionalist kingdoms led by King Faisal of Saudi Arabia,Q1891008,Q231151,,,Q4783165
http://www.wikidata.org/entity/Q2992536,Basque conflict,armed and political conflict in Spain,1959-07-31T00:00:00Z,2011-10-20T00:00:00Z,,,,,http://www.wikidata.org/entity/Q7781,history of Spain,History of Spain,Q2992536,,,,Q7781
http://www.wikidata.org/entity/Q443226,Contra insurgency,,1981-01-01T00:00:00Z,1990-01-01T00:00:00Z,,,,,,,,Q443226,,,,
http://www.wikidata.org/entity/Q17272643,spillover of the Syrian Civil War,impact of the Syrian Civil War in the Arab world,2011-01-01T00:00:00Z,,http://www.wikidata.org/entity/Q43,,,,http://www.wikidata.org/entity/Q33761,Arab Spring,protests and revolutions in the Arab world,Q17272643,Q43,,,Q33761
http://www.wikidata.org/entity/Q17272643,spillover of the Syrian Civil War,impact of the Syrian Civil War in the Arab world,2011-01-01T00:00:00Z,,http://www.wikidata.org/entity/Q79,,,,http://www.wikidata.org/entity/Q33761,Arab Spring,protests and revolutions in the Arab world,Q17272643,Q79,,,Q33761
http://www.wikidata.org/entity/Q609836,Portuguese Colonial War,1961–1974 armed conflicts in Africa between Portugal and independence movements,1961-01-01T00:00:00Z,1974-01-01T00:00:00Z,http://www.wikidata.org/entity/Q2826232,,,,http://www.wikidata.org/entity/Q1146918,decolonization of Africa,1950s–70s independence of African colonies from Western European powers,Q609836,Q2826232,,,Q1146918
http://www.wikidata.org/entity/Q11050383,Eelam War II,second phase of the Sri Lankan civil war from 1990-1995,1990-06-10T00:00:00Z,1995-01-09T00:00:00Z,http://www.wikidata.org/entity/Q854,,,,http://www.wikidata.org/entity/Q213394,Sri Lankan Civil War,armed conflict in Sri Lanka (1983–2009) between the government and the separatist organization Liberation Tigers of Tamil Eelam,Q11050383,Q854,,,Q213394
http://www.wikidata.org/entity/Q1209169,War in Abkhazia,War in Abkhazia from 1992 to 1993,1992-08-14T00:00:00Z,1993-09-27T00:00:00Z,http://www.wikidata.org/entity/Q23334,,,,http://www.wikidata.org/entity/Q321780,Georgian–Abkhazian conflict,Georgian–Abkhazian conflict,Q1209169,Q23334,,,Q321780
http://www.wikidata.org/entity/Q11942758,Ethiopian-Somali border conflict,,1960-01-01T00:00:00Z,1964-01-01T00:00:00Z,,,,,http://www.wikidata.org/entity/Q5692053,Ethiopian–Somali conflict,,Q11942758,,,,Q5692053
http://www.wikidata.org/entity/Q1413732,Kashmir conflict,"conflict over the Kashmir region between India, Pakistan and China",1947-10-22T00:00:00Z,,http://www.wikidata.org/entity/Q43100,47000,,,http://www.wikidata.org/entity/Q3119132,Indo-Pakistani wars and conflicts,wars between India and Pakistan,Q1413732,Q43100,,,Q3119132
http://www.wikidata.org/entity/Q1814745,Eelam War I,first phase of the Sri Lankan civil war from 1983-1987,1983-07-23T00:00:00Z,1987-07-29T00:00:00Z,http://www.wikidata.org/entity/Q854,,,,http://www.wikidata.org/entity/Q213394,Sri Lankan Civil War,armed conflict in Sri Lanka (1983–2009) between the government and the separatist organization Liberation Tigers of Tamil Eelam,Q1814745,Q854,,,Q213394
http://www.wikidata.org/entity/Q17324420,2014 Israel–Gaza conflict,War fought between the Israel Defense Forces and the Hamas-governed Gaza Strip during 2014,2014-07-08T00:00:00Z,2014-08-26T00:00:00Z,http://www.wikidata.org/entity/Q39760,71,,,http://www.wikidata.org/entity/Q553184,Gaza–Israel conflict,conflict between Gaza and Israel,Q17324420,Q39760,,,Q553184
http://www.wikidata.org/entity/Q619749,Kurdish–Turkish conflict,armed conflict between the Republic of Turkey and various Kurdish insurgent groups,2015-07-24T00:00:00Z,,http://www.wikidata.org/entity/Q205047,,,,http://www.wikidata.org/entity/Q6445763,Kurdish rebellions in Turkey,Kurdish nationalist uprisings in Turkey,Q619749,Q205047,,,Q6445763
http://www.wikidata.org/entity/Q619749,Kurdish–Turkish conflict,armed conflict between the Republic of Turkey and various Kurdish insurgent groups,2015-07-24T00:00:00Z,,http://www.wikidata.org/entity/Q3088996,,,,http://www.wikidata.org/entity/Q6445763,Kurdish rebellions in Turkey,Kurdish nationalist uprisings in Turkey,Q619749,Q3088996,,,Q6445763
http://www.wikidata.org/entity/Q2904516,War over Water,1964-1967 military confrontations between Israel and Syria and Lebanon,1964-11-01T00:00:00Z,1967-05-01T00:00:00Z,http://www.wikidata.org/entity/Q2463859,,,,http://www.wikidata.org/entity/Q8669,Arab–Israeli conflict,geopolitical conflict in the Middle East and North Africa,Q2904516,Q2463859,,,Q8669
http://www.wikidata.org/entity/Q1922071,Indo-Pakistani War of 1971,military confrontation between India and Pakistan alongside the Bangladesh Liberation War. India attacked first,1971-12-03T00:00:00Z,1971-12-16T00:00:00Z,http://www.wikidata.org/entity/Q645659,,,,http://www.wikidata.org/entity/Q10898774,Q10898774,Wikipedia disambiguation page,Q1922071,Q645659,,,Q10898774
http://www.wikidata.org/entity/Q1922071,Indo-Pakistani War of 1971,military confrontation between India and Pakistan alongside the Bangladesh Liberation War. India attacked first,1971-12-03T00:00:00Z,1971-12-16T00:00:00Z,http://www.wikidata.org/entity/Q1366583,,,,http://www.wikidata.org/entity/Q10898774,Q10898774,Wikipedia disambiguation page,Q1922071,Q1366583,,,Q10898774
http://www.wikidata.org/entity/Q18920712,War in Afghanistan (2015–),period of the war starting 1 January 2015,2015-01-01T00:00:00Z,,http://www.wikidata.org/entity/Q889,,http://www.wikidata.org/entity/Q182865,,http://www.wikidata.org/entity/Q1519107,War in Afghanistan,Ongoing conflicts in Afghanistan since 1978,Q18920712,Q889,Q182865,,Q1519107
http://www.wikidata.org/entity/Q2652686,Kachin conflict,armed conflict in Myanmar,1961-02-05T00:00:00Z,,http://www.wikidata.org/entity/Q140646,,,,http://www.wikidata.org/entity/Q852088,Internal conflict in Myanmar,series of ongoing insurgencies within Myanmar,Q2652686,Q140646,,,Q852088
http://www.wikidata.org/entity/Q1271059,Shifta War,,1963-01-01T00:00:00Z,1967-01-01T00:00:00Z,http://www.wikidata.org/entity/Q390213,,,,,,,Q1271059,Q390213,,,
http://www.wikidata.org/entity/Q632787,Insurgency in the Maghreb (2002–),Islamist militant and terrorist activity in the Maghreb and Sahel regions,2002-04-11T00:00:00Z,,http://www.wikidata.org/entity/Q28227,,,,http://www.wikidata.org/entity/Q185729,War on Terror,international military campaign that started after 11 September 2001,Q632787,Q28227,,,Q185729
http://www.wikidata.org/entity/Q11154636,Eelam War III,third phase of the Sri Lankan civil war from 1995-2002,1995-04-19T00:00:00Z,2002-02-22T00:00:00Z,http://www.wikidata.org/entity/Q854,,,,http://www.wikidata.org/entity/Q213394,Sri Lankan Civil War,armed conflict in Sri Lanka (1983–2009) between the government and the separatist organization Liberation Tigers of Tamil Eelam,Q11154636,Q854,,,Q213394
http://www.wikidata.org/entity/Q748780,First Indochina War,war in French Indochina from 1946 to 1954,1946-12-19T00:00:00Z,1954-08-01T00:00:00Z,http://www.wikidata.org/entity/Q185682,,,,http://www.wikidata.org/entity/Q8683,Cold War,state of geopolitical tension after World War II between powers in the Eastern Bloc and the Western Bloc,Q748780,Q185682,,,Q8683
http://www.wikidata.org/entity/Q17324420,2014 Israel–Gaza conflict,War fought between the Israel Defense Forces and the Hamas-governed Gaza Strip during 2014,2014-07-08T00:00:00Z,2014-08-26T00:00:00Z,http://www.wikidata.org/entity/Q801,2205,,,http://www.wikidata.org/entity/Q553184,Gaza–Israel conflict,conflict between Gaza and Israel,Q17324420,Q801,,,Q553184
http://www.wikidata.org/entity/Q2337340,Cenepa piun piun,,1995-01-26T00:00:00Z,1995-02-28T00:00:00Z,http://www.wikidata.org/entity/Q5058842,,,,http://www.wikidata.org/entity/Q2363837,history of the Ecuadorian–Peruvian territorial dispute,,Q2337340,Q5058842,,,Q2363837
http://www.wikidata.org/entity/Q16335075,War in Donbass,armed conflict in the Donbass region of Ukraine,2014-04-06T00:00:00Z,,http://www.wikidata.org/entity/Q2012050,375,,,http://www.wikidata.org/entity/Q15860072,Russian military intervention in Ukraine (2014–present),Russian military intervention in Ukraine,Q16335075,Q2012050,,,Q15860072
http://www.wikidata.org/entity/Q620735,Russo-Georgian War,2008 war between Russia and Georgia in South Ossetia,2008-08-07T00:00:00Z,2008-08-12T00:00:00Z,http://www.wikidata.org/entity/Q23427,229,,,http://www.wikidata.org/entity/Q29242,Georgian–Ossetian conflict,ethno-political conflict over Georgia's autonomous region of South Ossetia,Q620735,Q23427,,,Q29242
http://www.wikidata.org/entity/Q1922071,Indo-Pakistani War of 1971,military confrontation between India and Pakistan alongside the Bangladesh Liberation War. India attacked first,1971-12-03T00:00:00Z,1971-12-16T00:00:00Z,http://www.wikidata.org/entity/Q38684,,,,http://www.wikidata.org/entity/Q10898774,Q10898774,Wikipedia disambiguation page,Q1922071,Q38684,,,Q10898774
http://www.wikidata.org/entity/Q635533,Cambodian–Vietnamese War,1977-1991 interstate war,1977-04-30T00:00:00Z,1991-10-23T00:00:00Z,http://www.wikidata.org/entity/Q424,,,,http://www.wikidata.org/entity/Q796498,Third Indochina War,Wikimedia disambiguation page,Q635533,Q424,,,Q796498
http://www.wikidata.org/entity/Q652284,1982 Ethiopian–Somali Border War,war,1982-06-01T00:00:00Z,1982-08-01T00:00:00Z,,,,,http://www.wikidata.org/entity/Q40719,Conflicts in the Horn of Africa,Wikimedia list article,Q652284,,,,Q40719
http://www.wikidata.org/entity/Q1354920,Djiboutian–Eritrean border conflict,2008 armed conflict in East Africa,2008-06-10T00:00:00Z,2008-06-13T00:00:00Z,http://www.wikidata.org/entity/Q1252648,,,,,,,Q1354920,Q1252648,,,
http://www.wikidata.org/entity/Q3196886,2009 Eastern Congo offensive,,2009-01-20T00:00:00Z,2009-02-27T00:00:00Z,,,,,http://www.wikidata.org/entity/Q327237,Kivu conflict,conflict in the Democratic Republic of the Congo,Q3196886,,,,Q327237
http://www.wikidata.org/entity/Q3429692,55 Day War,,1993-01-09T00:00:00Z,1993-03-06T00:00:00Z,http://www.wikidata.org/entity/Q916,,,,http://www.wikidata.org/entity/Q12055176,Angolan Civil War,armed conflict in Angola between 1975 and 2002,Q3429692,Q916,,,Q12055176
http://www.wikidata.org/entity/Q1519107,War in Afghanistan,Ongoing conflicts in Afghanistan since 1978,1978-04-27T00:00:00Z,,http://www.wikidata.org/entity/Q889,,,,http://www.wikidata.org/entity/Q8683,Cold War,state of geopolitical tension after World War II between powers in the Eastern Bloc and the Western Bloc,Q1519107,Q889,,,Q8683
http://www.wikidata.org/entity/Q16335075,War in Donbass,armed conflict in the Donbass region of Ukraine,2014-04-06T00:00:00Z,,http://www.wikidata.org/entity/Q171965,375,,,http://www.wikidata.org/entity/Q16918333,Ukrainian crisis,"prolonged political crisis in Ukraine, began on 21 November 2013",Q16335075,Q171965,,,Q16918333
http://www.wikidata.org/entity/Q381375,Nagorno-Karabakh War,armed conflict that took place in the late 1980s to May 1994,1988-02-20T00:00:00Z,1994-05-12T00:00:00Z,http://www.wikidata.org/entity/Q399,,,,http://www.wikidata.org/entity/Q16954835,Nagorno-Karabakh conflict,ethnic conflict between the Republic of Armenia and Azerbaijan,Q381375,Q399,,,Q16954835
http://www.wikidata.org/entity/Q1262084,Djiboutian Civil War,war,1991-10-01T00:00:00Z,1994-12-01T00:00:00Z,,,,,http://www.wikidata.org/entity/Q40719,Conflicts in the Horn of Africa,Wikimedia list article,Q1262084,,,,Q40719
http://www.wikidata.org/entity/Q1922071,Indo-Pakistani War of 1971,military confrontation between India and Pakistan alongside the Bangladesh Liberation War. India attacked first,1971-12-03T00:00:00Z,1971-12-16T00:00:00Z,http://www.wikidata.org/entity/Q2399139,,,,http://www.wikidata.org/entity/Q10898774,Q10898774,Wikipedia disambiguation page,Q1922071,Q2399139,,,Q10898774
http://www.wikidata.org/entity/Q832273,Eritrean–Ethiopian War,war between Ethiopia and Eritrea at the end of the 20th century,1998-05-06T00:00:00Z,2000-05-25T00:00:00Z,http://www.wikidata.org/entity/Q986,,,,http://www.wikidata.org/entity/Q40719,Conflicts in the Horn of Africa,Wikimedia list article,Q832273,Q986,,,Q40719
http://www.wikidata.org/entity/Q1922071,Indo-Pakistani War of 1971,military confrontation between India and Pakistan alongside the Bangladesh Liberation War. India attacked first,1971-12-03T00:00:00Z,1971-12-16T00:00:00Z,http://www.wikidata.org/entity/Q58705,,,,http://www.wikidata.org/entity/Q10898774,Q10898774,Wikipedia disambiguation page,Q1922071,Q58705,,,Q10898774
http://www.wikidata.org/entity/Q2652686,Kachin conflict,armed conflict in Myanmar,1961-02-05T00:00:00Z,,http://www.wikidata.org/entity/Q456847,,,,http://www.wikidata.org/entity/Q852088,Internal conflict in Myanmar,series of ongoing insurgencies within Myanmar,Q2652686,Q456847,,,Q852088
http://www.wikidata.org/entity/Q322607,War of Attrition,1967-1970 war between Israel and Egypt,1967-07-01T00:00:00Z,1970-08-07T00:00:00Z,http://www.wikidata.org/entity/Q36755,,,,http://www.wikidata.org/entity/Q8669,Arab–Israeli conflict,geopolitical conflict in the Middle East and North Africa,Q322607,Q36755,,,Q8669
http://www.wikidata.org/entity/Q2337340,Cenepa piun piun,,1995-01-26T00:00:00Z,1995-02-28T00:00:00Z,http://www.wikidata.org/entity/Q1288434,,,,http://www.wikidata.org/entity/Q2363837,history of the Ecuadorian–Peruvian territorial dispute,,Q2337340,Q1288434,,,Q2363837
http://www.wikidata.org/entity/Q643925,Invasion of Dagestan,Part of Russian-Chechen conflict,1999-08-02T00:00:00Z,1999-09-14T00:00:00Z,http://www.wikidata.org/entity/Q5118,,,,http://www.wikidata.org/entity/Q14947002,Chechen–Russian conflict,centuries-long conflict,Q643925,Q5118,,,Q14947002
http://www.wikidata.org/entity/Q1361929,Indonesia–Malaysia confrontation,military conflict (1963–1966),1963-01-20T00:00:00Z,1966-08-11T00:00:00Z,http://www.wikidata.org/entity/Q18758,,,,http://www.wikidata.org/entity/Q6741681,Malaysia Agreement,"treaty combining North Borneo, Sarawak and Singapore into Malaya",Q1361929,Q18758,,,Q6741681
http://www.wikidata.org/entity/Q17272643,spillover of the Syrian Civil War,impact of the Syrian Civil War in the Arab world,2011-01-01T00:00:00Z,,http://www.wikidata.org/entity/Q796,,,,http://www.wikidata.org/entity/Q178810,Syrian Civil War,ongoing multi-sided armed conflict in Syria,Q17272643,Q796,,,Q178810
http://www.wikidata.org/entity/Q17272643,spillover of the Syrian Civil War,impact of the Syrian Civil War in the Arab world,2011-01-01T00:00:00Z,,http://www.wikidata.org/entity/Q801,,,,http://www.wikidata.org/entity/Q178810,Syrian Civil War,ongoing multi-sided armed conflict in Syria,Q17272643,Q801,,,Q178810
http://www.wikidata.org/entity/Q17272643,spillover of the Syrian Civil War,impact of the Syrian Civil War in the Arab world,2011-01-01T00:00:00Z,,http://www.wikidata.org/entity/Q810,,,,http://www.wikidata.org/entity/Q178810,Syrian Civil War,ongoing multi-sided armed conflict in Syria,Q17272643,Q810,,,Q178810
http://www.wikidata.org/entity/Q17272643,spillover of the Syrian Civil War,impact of the Syrian Civil War in the Arab world,2011-01-01T00:00:00Z,,http://www.wikidata.org/entity/Q822,,,,http://www.wikidata.org/entity/Q178810,Syrian Civil War,ongoing multi-sided armed conflict in Syria,Q17272643,Q822,,,Q178810
http://www.wikidata.org/entity/Q17272643,spillover of the Syrian Civil War,impact of the Syrian Civil War in the Arab world,2011-01-01T00:00:00Z,,http://www.wikidata.org/entity/Q858,,,,http://www.wikidata.org/entity/Q178810,Syrian Civil War,ongoing multi-sided armed conflict in Syria,Q17272643,Q858,,,Q178810
http://www.wikidata.org/entity/Q190029,Kosovo War,late 1990s armed conflict in Kosovo,1998-02-27T00:00:00Z,1999-06-11T00:00:00Z,http://www.wikidata.org/entity/Q1231,,,,http://www.wikidata.org/entity/Q242352,Yugoslav Wars,ethnic conflicts fought from 1991 to 2001 on the territory of former Yugoslavia,Q190029,Q1231,,,Q242352
http://www.wikidata.org/entity/Q1783607,Salvadoran Civil War,13 year 1979-1992 civil war in El Salvador,1979-10-15T00:00:00Z,1992-01-16T00:00:00Z,http://www.wikidata.org/entity/Q792,,,,http://www.wikidata.org/entity/Q3002766,Central American crisis,Late 1970's-early 1990's military and political crisis in Central America,Q1783607,Q792,,,Q3002766
http://www.wikidata.org/entity/Q233583,Indo-Pakistani War of 1965.,Culmination of skirmishes between India and Pakistan in 1965.,1965-08-01T00:00:00Z,1965-09-23T00:00:00Z,http://www.wikidata.org/entity/Q43100,,,,http://www.wikidata.org/entity/Q10898774,Q10898774,Wikipedia disambiguation page,Q233583,Q43100,,,Q10898774
http://www.wikidata.org/entity/Q371394,Bangladesh Liberation War,conflict that led to the independence of the majority-Bengali country,1971-03-26T00:00:00Z,1971-12-16T00:00:00Z,http://www.wikidata.org/entity/Q842931,,,,http://www.wikidata.org/entity/Q8683,Cold War,state of geopolitical tension after World War II between powers in the Eastern Bloc and the Western Bloc,Q371394,Q842931,,,Q8683
http://www.wikidata.org/entity/Q644589,Toyota War,last phase of the Chadian–Libyan conflict. It takes its name from the Toyota pickup trucks used,1986-12-16T00:00:00Z,1987-09-11T00:00:00Z,http://www.wikidata.org/entity/Q16206846,,,,http://www.wikidata.org/entity/Q611071,Chadian–Libyan conflict,,Q644589,Q16206846,,,Q611071
http://www.wikidata.org/entity/Q652285,Indo-Pakistani War of 1947,1947-1948 war between India and Pakistan,1947-10-22T00:00:00Z,1949-01-01T00:00:00Z,http://www.wikidata.org/entity/Q43100,,,,http://www.wikidata.org/entity/Q3119132,Indo-Pakistani wars and conflicts,wars between India and Pakistan,Q652285,Q43100,,,Q3119132
http://www.wikidata.org/entity/Q16151540,Eelam War IV,the fourth and final phase of the Sri Lankan civil war,2006-07-26T00:00:00Z,2009-05-18T00:00:00Z,http://www.wikidata.org/entity/Q854,,,,http://www.wikidata.org/entity/Q213394,Sri Lankan Civil War,armed conflict in Sri Lanka (1983–2009) between the government and the separatist organization Liberation Tigers of Tamil Eelam,Q16151540,Q854,,,Q213394
http://www.wikidata.org/entity/Q318250,Ethio-Somali War,1977-78 Somali military offensive over the disputed Ogaden region of Ethiopia,1977-07-13T00:00:00Z,1978-03-15T00:00:00Z,http://www.wikidata.org/entity/Q115,,,,http://www.wikidata.org/entity/Q8683,Cold War,state of geopolitical tension after World War II between powers in the Eastern Bloc and the Western Bloc,Q318250,Q115,,,Q8683
http://www.wikidata.org/entity/Q285280,War of Pridnestrovie,early 1990's armed conflict,1992-03-02T00:00:00Z,1992-07-21T00:00:00Z,http://www.wikidata.org/entity/Q3537754,,,,,,,Q285280,Q3537754,,,
http://www.wikidata.org/entity/Q4116897,Second Kurdish–Iraqi War,1974–1975 Kurdish rebellion in northern Iraq,1974-01-01T00:00:00Z,1975-01-01T00:00:00Z,,,,,http://www.wikidata.org/entity/Q6068230,Iraqi–Kurdish conflict,wars and rebellions by Iraqi Kurds against the government,Q4116897,,,,Q6068230
http://www.wikidata.org/entity/Q545449,Iraq War,war which started on 20 March 2003,2003-03-20T00:00:00Z,2011-12-15T00:00:00Z,http://www.wikidata.org/entity/Q796,,,,,,,Q545449,Q796,,,
http://www.wikidata.org/entity/Q190758,Darfur conflict,major armed conflict in the Darfur region of Sudan that began in February 2003,2003-02-26T00:00:00Z,,http://www.wikidata.org/entity/Q46733,,,,,,,Q190758,Q46733,,,
http://www.wikidata.org/entity/Q1640107,Ifni War,,1957-10-23T00:00:00Z,1958-06-30T00:00:00Z,http://www.wikidata.org/entity/Q689837,,,,http://www.wikidata.org/entity/Q1146918,decolonization of Africa,1950s–70s independence of African colonies from Western European powers,Q1640107,Q689837,,,Q1146918
http://www.wikidata.org/entity/Q611071,Chadian–Libyan conflict,,1978-01-01T00:00:00Z,1987-01-01T00:00:00Z,http://www.wikidata.org/entity/Q657,,,,,,,Q611071,Q657,,,
http://www.wikidata.org/entity/Q202465,Uganda–Tanzania War,1978-79 war,1978-01-01T00:00:00Z,1979-01-01T00:00:00Z,http://www.wikidata.org/entity/Q1036,,,,,,,Q202465,Q1036,,,
http://www.wikidata.org/entity/Q2337340,Cenepa piun piun,,1995-01-26T00:00:00Z,1995-02-28T00:00:00Z,http://www.wikidata.org/entity/Q1993836,,,,http://www.wikidata.org/entity/Q2363837,history of the Ecuadorian–Peruvian territorial dispute,,Q2337340,Q1993836,,,Q2363837
http://www.wikidata.org/entity/Q381375,Nagorno-Karabakh War,armed conflict that took place in the late 1980s to May 1994,1988-02-20T00:00:00Z,1994-05-12T00:00:00Z,http://www.wikidata.org/entity/Q227,,,,http://www.wikidata.org/entity/Q16954835,Nagorno-Karabakh conflict,ethnic conflict between the Republic of Armenia and Azerbaijan,Q381375,Q227,,,Q16954835
http://www.wikidata.org/entity/Q832273,Eritrean–Ethiopian War,war between Ethiopia and Eritrea at the end of the 20th century,1998-05-06T00:00:00Z,2000-05-25T00:00:00Z,http://www.wikidata.org/entity/Q115,,,,http://www.wikidata.org/entity/Q40719,Conflicts in the Horn of Africa,Wikimedia list article,Q832273,Q115,,,Q40719
http://www.wikidata.org/entity/Q16335075,War in Donbass,armed conflict in the Donbass region of Ukraine,2014-04-06T00:00:00Z,,http://www.wikidata.org/entity/Q171965,375,,,http://www.wikidata.org/entity/Q15860072,Russian military intervention in Ukraine (2014–present),Russian military intervention in Ukraine,Q16335075,Q171965,,,Q15860072
http://www.wikidata.org/entity/Q16335075,War in Donbass,armed conflict in the Donbass region of Ukraine,2014-04-06T00:00:00Z,,http://www.wikidata.org/entity/Q605714,375,,,http://www.wikidata.org/entity/Q16918333,Ukrainian crisis,"prolonged political crisis in Ukraine, began on 21 November 2013",Q16335075,Q605714,,,Q16918333
http://www.wikidata.org/entity/Q1072042,War in Somalia (2006-2009),"armed conflict involving largely Ethiopian and Somali Transitional Federal Government (TFG) forces and Somali troops from Puntland vs the Somali Islamist umbrella group, the Islamic Court Union (ICU) and other affiliated militias",2006-12-20T00:00:00Z,2009-01-30T00:00:00Z,http://www.wikidata.org/entity/Q1045,,,http://www.wikidata.org/entity/Q1052332,http://www.wikidata.org/entity/Q243620,Somali Civil War,civil war taking place in Somalia since 1991,Q1072042,Q1045,,Q1052332,Q243620
http://www.wikidata.org/entity/Q17324420,2014 Israel–Gaza conflict,War fought between the Israel Defense Forces and the Hamas-governed Gaza Strip during 2014,2014-07-08T00:00:00Z,2014-08-26T00:00:00Z,http://www.wikidata.org/entity/Q39760,2205,,,http://www.wikidata.org/entity/Q553184,Gaza–Israel conflict,conflict between Gaza and Israel,Q17324420,Q39760,,,Q553184
http://www.wikidata.org/entity/Q16118002,Palestinian separation,,2006-01-01T00:00:00Z,2007-01-01T00:00:00Z,,,,,,,,Q16118002,,,,
http://www.wikidata.org/entity/Q2342102,Indochina Wars,series of wars fought in Southeast Asia from 1946 until 1989,1946-01-01T00:00:00Z,1989-01-01T00:00:00Z,http://www.wikidata.org/entity/Q11708,,,,,,,Q2342102,Q11708,,,
http://www.wikidata.org/entity/Q404517,Kargil War,war,1999-05-01T00:00:00Z,1999-07-01T00:00:00Z,http://www.wikidata.org/entity/Q1650798,,,,http://www.wikidata.org/entity/Q1413732,Kashmir conflict,"conflict over the Kashmir region between India, Pakistan and China",Q404517,Q1650798,,,Q1413732
http://www.wikidata.org/entity/Q17272643,spillover of the Syrian Civil War,impact of the Syrian Civil War in the Arab world,2011-01-01T00:00:00Z,,http://www.wikidata.org/entity/Q43,,,,http://www.wikidata.org/entity/Q178810,Syrian Civil War,ongoing multi-sided armed conflict in Syria,Q17272643,Q43,,,Q178810
http://www.wikidata.org/entity/Q28444896,ECOWAS military intervention in the Gambia,military intervention in the Gambia by several West African countries,2017-01-19T00:00:00Z,2017-01-20T00:00:00Z,http://www.wikidata.org/entity/Q1005,,,,http://www.wikidata.org/entity/Q28398113,2016–17 Gambian constitutional crisis,,Q28444896,Q1005,,,Q28398113
http://www.wikidata.org/entity/Q17984356,Iraqi Civil War (2014–2017),Armed conflict in the Middle East that began on 1 January 2014,2014-01-01T00:00:00Z,2017-12-09T00:00:00Z,http://www.wikidata.org/entity/Q796,,,,http://www.wikidata.org/entity/Q17272643,spillover of the Syrian Civil War,impact of the Syrian Civil War in the Arab world,Q17984356,Q796,,,Q17272643
http://www.wikidata.org/entity/Q42306419,Third Guatemala War,Civil War for capital between 1978 and 1984,1978-01-01T00:00:00Z,1984-01-01T00:00:00Z,http://www.wikidata.org/entity/Q774,,,,http://www.wikidata.org/entity/Q1282732,Guatemalan Civil War,1960-1996 civil war in Guatemala,Q42306419,Q774,,,Q1282732
http://www.wikidata.org/entity/Q12055176,Angolan Civil War,armed conflict in Angola between 1975 and 2002,1975-11-11T00:00:00Z,2002-04-04T00:00:00Z,http://www.wikidata.org/entity/Q916,,http://www.wikidata.org/entity/Q1780216,,http://www.wikidata.org/entity/Q8683,Cold War,state of geopolitical tension after World War II between powers in the Eastern Bloc and the Western Bloc,Q12055176,Q916,Q1780216,,Q8683
http://www.wikidata.org/entity/Q42410540,First Uganda War,Civil War for Local Issue in 1966,1966-01-01T00:00:00Z,1966-01-01T00:00:00Z,http://www.wikidata.org/entity/Q1036,,,,,,,Q42410540,Q1036,,,
http://www.wikidata.org/entity/Q65251940,Q65251940,,2018-01-01T00:00:00Z,,http://www.wikidata.org/entity/Q66812617,,,,,,,Q65251940,Q66812617,,,
http://www.wikidata.org/entity/Q2609193,Guinea-Bissau War of Independence,1963-1974 armed conflict in Portuguese Guinea,1963-01-23T00:00:00Z,1974-09-10T00:00:00Z,http://www.wikidata.org/entity/Q1007,,,,http://www.wikidata.org/entity/Q609836,Portuguese Colonial War,1961–1974 armed conflicts in Africa between Portugal and independence movements,Q2609193,Q1007,,,Q609836
http://www.wikidata.org/entity/Q17507684,Military intervention against ISIL,military actions against Islamic State of Iraq and the Levant,2014-06-13T00:00:00Z,,http://www.wikidata.org/entity/Q235563,,,,http://www.wikidata.org/entity/Q926905,Iraqi insurgency,"ongoing warfare in mainly central Iraq, which began after the 2003 invasion of Iraq",Q17507684,Q235563,,,Q926905
http://www.wikidata.org/entity/Q15353665,South Sudanese conflict,conflict in South Sudan between government and opposition forces; began on 14 December 2013,2013-12-15T00:00:00Z,,http://www.wikidata.org/entity/Q958,,,,http://www.wikidata.org/entity/Q6589923,ethnic violence in South Sudan,part of the Sudanese nomadic conflicts,Q15353665,Q958,,,Q6589923
http://www.wikidata.org/entity/Q1050999,Turkish invasion of Cyprus,1974 military conflict in Cyprus,1974-07-20T00:00:00Z,1974-08-18T00:00:00Z,http://www.wikidata.org/entity/Q229,,,,http://www.wikidata.org/entity/Q245831,Cyprus dispute,Inter-communal dispute and violence,Q1050999,Q229,,,Q245831
http://www.wikidata.org/entity/Q607257,Eritrean War of Independence,armed conflict in Ethiopia between 1961 and 1991,1961-09-01T00:00:00Z,1991-05-29T00:00:00Z,http://www.wikidata.org/entity/Q986,,,,http://www.wikidata.org/entity/Q257724,Ethiopian Civil War,civil war in Ethiopia between 1974 and 1991,Q607257,Q986,,,Q257724
http://www.wikidata.org/entity/Q18121212,American-led intervention in Syria,"military campaign against Islamist extremist militant groups in Syria by USA, Bahrain, Jordan, Qatar, Saudi Arabia, and the UAE",2014-09-22T00:00:00Z,,http://www.wikidata.org/entity/Q858,,,,http://www.wikidata.org/entity/Q5468411,foreign involvement in the Syrian civil war,"political, military and operational support to parties involved in the ongoing conflict in Syria",Q18121212,Q858,,,Q5468411
http://www.wikidata.org/entity/Q42410550,First Chad (FROLINAT) Rebellion,Civil War for Local Issue between 1966 to 1971,1966-01-01T00:00:00Z,1971-01-01T00:00:00Z,http://www.wikidata.org/entity/Q657,,,,,,,Q42410550,Q657,,,
http://www.wikidata.org/entity/Q42410722,Third Rwanda War,Civil War for Capital between 1997 to 1998,1997-01-01T00:00:00Z,1998-01-01T00:00:00Z,http://www.wikidata.org/entity/Q1037,,,,,,,Q42410722,Q1037,,,
http://www.wikidata.org/entity/Q17183365,Sectarian violence in Iraq (2006–2008),"high level of sectarian violence, by some described as a civil war",2006-02-22T00:00:00Z,2008-01-01T00:00:00Z,,,,,http://www.wikidata.org/entity/Q545449,Iraq War,war which started on 20 March 2003,Q17183365,,,,Q545449
http://www.wikidata.org/entity/Q42410678,Second Cambodia Civil,Civil War for Capital between 1993 to 1997,1993-01-01T00:00:00Z,1997-01-01T00:00:00Z,http://www.wikidata.org/entity/Q424,,,,,,,Q42410678,Q424,,,
http://www.wikidata.org/entity/Q1773984,Batalla del pan dulce,Batalla entre pacistas y ateos,1950-01-01T00:00:00Z,1951-01-01T00:00:00Z,http://www.wikidata.org/entity/Q1012419,,,,http://www.wikidata.org/entity/Q13557549,Incorporation of Tibet into the People's Republic of China,,Q1773984,Q1012419,,,Q13557549
http://www.wikidata.org/entity/Q6022577,Indian intervention in the Sri Lankan Civil War,,1987-07-29T00:00:00Z,1990-03-24T00:00:00Z,http://www.wikidata.org/entity/Q854,,,,http://www.wikidata.org/entity/Q213394,Sri Lankan Civil War,armed conflict in Sri Lanka (1983–2009) between the government and the separatist organization Liberation Tigers of Tamil Eelam,Q6022577,Q854,,,Q213394
http://www.wikidata.org/entity/Q17183365,Sectarian violence in Iraq (2006–2008),"high level of sectarian violence, by some described as a civil war",2006-02-22T00:00:00Z,2008-01-01T00:00:00Z,,,,,http://www.wikidata.org/entity/Q926905,Iraqi insurgency,"ongoing warfare in mainly central Iraq, which began after the 2003 invasion of Iraq",Q17183365,,,,Q926905
http://www.wikidata.org/entity/Q42410592,Nagorno-Karabakh War,Civil War for Local Issue between 1991 to 1993,1991-01-01T00:00:00Z,1993-01-01T00:00:00Z,http://www.wikidata.org/entity/Q44302,,,,http://www.wikidata.org/entity/Q381375,Nagorno-Karabakh War,armed conflict that took place in the late 1980s to May 1994,Q42410592,Q44302,,,Q381375
http://www.wikidata.org/entity/Q42410504,Indonesian Leftists War,Civil War for Capital between 1956 to 1962,1956-01-01T00:00:00Z,1962-01-01T00:00:00Z,http://www.wikidata.org/entity/Q252,,,,,,,Q42410504,Q252,,,
http://www.wikidata.org/entity/Q200790,Algerian War of Independence,war between France and the Algerian independence movement from 1954 to 1962,1954-11-01T00:00:00Z,1962-09-09T00:00:00Z,http://www.wikidata.org/entity/Q262,,http://www.wikidata.org/entity/Q2629782,,http://www.wikidata.org/entity/Q8683,Cold War,state of geopolitical tension after World War II between powers in the Eastern Bloc and the Western Bloc,Q200790,Q262,Q2629782,,Q8683
http://www.wikidata.org/entity/Q501866,1983 Invasion of Grenada,conflict in Grenada involving US and Cuban led forces,1983-10-25T00:00:00Z,1983-12-15T00:00:00Z,http://www.wikidata.org/entity/Q769,,,,http://www.wikidata.org/entity/Q1516422,history of Grenada,aspect of history,Q501866,Q769,,,Q1516422
http://www.wikidata.org/entity/Q42410697,Second Rwanda War,Civil War for Capital in 1994,1994-01-01T00:00:00Z,1994-01-01T00:00:00Z,http://www.wikidata.org/entity/Q1037,,,,http://www.wikidata.org/entity/Q426722,Rwandan Civil War,1990-1994 civil conflict in Rwanda,Q42410697,Q1037,,,Q426722
http://www.wikidata.org/entity/Q2444955,Rhodesian Bush War,civil conflict in Southern Africa from 1964 to 1979,1964-07-04T00:00:00Z,1979-12-12T00:00:00Z,http://www.wikidata.org/entity/Q217169,,,,http://www.wikidata.org/entity/Q1146918,decolonization of Africa,1950s–70s independence of African colonies from Western European powers,Q2444955,Q217169,,,Q1146918
http://www.wikidata.org/entity/Q42410643,Algerian Islamic Front War,Civil War for Capital between 1992 to 1999,1991-01-01T00:00:00Z,1999-01-01T00:00:00Z,http://www.wikidata.org/entity/Q262,,,,http://www.wikidata.org/entity/Q142529,Algerian Civil War,In 1991-2002 civil war in Algeria,Q42410643,Q262,,,Q142529
http://www.wikidata.org/entity/Q42410546,First Guatemala War,Civil War for Capital between 1966 to 1968,1966-01-01T00:00:00Z,1968-01-01T00:00:00Z,http://www.wikidata.org/entity/Q774,,,,http://www.wikidata.org/entity/Q1282732,Guatemalan Civil War,1960-1996 civil war in Guatemala,Q42410546,Q774,,,Q1282732
http://www.wikidata.org/entity/Q2354629,Malayan Emergency,guerrilla war from 1948 to 1960,1948-06-16T00:00:00Z,1960-07-12T00:00:00Z,http://www.wikidata.org/entity/Q18758,,,http://www.wikidata.org/entity/Q3446062,http://www.wikidata.org/entity/Q230533,decolonization,process of leaving a colonial situation,Q2354629,Q18758,,Q3446062,Q230533
http://www.wikidata.org/entity/Q19686631,Yemeni Civil War (2015–present),conflict in Yemen,2015-03-19T00:00:00Z,,http://www.wikidata.org/entity/Q464718,,,,http://www.wikidata.org/entity/Q19362030,aftermath of the 2014–15 Yemeni coup d'état,,Q19686631,Q464718,,,Q19362030
http://www.wikidata.org/entity/Q17507684,Military intervention against ISIL,military actions against Islamic State of Iraq and the Levant,2014-06-13T00:00:00Z,,http://www.wikidata.org/entity/Q796,,,,http://www.wikidata.org/entity/Q178810,Syrian Civil War,ongoing multi-sided armed conflict in Syria,Q17507684,Q796,,,Q178810
http://www.wikidata.org/entity/Q17507684,Military intervention against ISIL,military actions against Islamic State of Iraq and the Levant,2014-06-13T00:00:00Z,,http://www.wikidata.org/entity/Q858,,,,http://www.wikidata.org/entity/Q178810,Syrian Civil War,ongoing multi-sided armed conflict in Syria,Q17507684,Q858,,,Q178810
http://www.wikidata.org/entity/Q17507684,Military intervention against ISIL,military actions against Islamic State of Iraq and the Levant,2014-06-13T00:00:00Z,,http://www.wikidata.org/entity/Q889,,,,http://www.wikidata.org/entity/Q178810,Syrian Civil War,ongoing multi-sided armed conflict in Syria,Q17507684,Q889,,,Q178810
http://www.wikidata.org/entity/Q17507684,Military intervention against ISIL,military actions against Islamic State of Iraq and the Levant,2014-06-13T00:00:00Z,,http://www.wikidata.org/entity/Q1016,,,,http://www.wikidata.org/entity/Q178810,Syrian Civil War,ongoing multi-sided armed conflict in Syria,Q17507684,Q1016,,,Q178810
http://www.wikidata.org/entity/Q17507684,Military intervention against ISIL,military actions against Islamic State of Iraq and the Levant,2014-06-13T00:00:00Z,,http://www.wikidata.org/entity/Q1033,,,,http://www.wikidata.org/entity/Q178810,Syrian Civil War,ongoing multi-sided armed conflict in Syria,Q17507684,Q1033,,,Q178810
http://www.wikidata.org/entity/Q42410581,Georgia War,Civil War for Capital between 1991 to 1992,1991-01-01T00:00:00Z,1992-01-01T00:00:00Z,http://www.wikidata.org/entity/Q230,,,,http://www.wikidata.org/entity/Q1070890,Georgian Civil War,war,Q42410581,Q230,,,Q1070890
http://www.wikidata.org/entity/Q17507684,Military intervention against ISIL,military actions against Islamic State of Iraq and the Levant,2014-06-13T00:00:00Z,,http://www.wikidata.org/entity/Q187334,,,,http://www.wikidata.org/entity/Q178810,Syrian Civil War,ongoing multi-sided armed conflict in Syria,Q17507684,Q187334,,,Q178810
http://www.wikidata.org/entity/Q18159629,American-led intervention in Iraq (2014–present),,2014-06-15T00:00:00Z,,http://www.wikidata.org/entity/Q796,,,,http://www.wikidata.org/entity/Q17507684,Military intervention against ISIL,military actions against Islamic State of Iraq and the Levant,Q18159629,Q796,,,Q17507684
http://www.wikidata.org/entity/Q152060,Cabinda Conflict,,1975-11-08T00:00:00Z,,http://www.wikidata.org/entity/Q168787,,,,http://www.wikidata.org/entity/Q12055176,Angolan Civil War,armed conflict in Angola between 1975 and 2002,Q152060,Q168787,,,Q12055176
http://www.wikidata.org/entity/Q107802,2003 invasion of Iraq,military invasion led by the United States,2003-03-20T00:00:00Z,2003-05-01T00:00:00Z,http://www.wikidata.org/entity/Q796,,,,http://www.wikidata.org/entity/Q545449,Iraq War,war which started on 20 March 2003,Q107802,Q796,,,Q545449
http://www.wikidata.org/entity/Q17507684,Military intervention against ISIL,military actions against Islamic State of Iraq and the Levant,2014-06-13T00:00:00Z,,http://www.wikidata.org/entity/Q189352,,,,http://www.wikidata.org/entity/Q178810,Syrian Civil War,ongoing multi-sided armed conflict in Syria,Q17507684,Q189352,,,Q178810
http://www.wikidata.org/entity/Q1773984,Batalla del pan dulce,Batalla entre pacistas y ateos,1950-10-06T00:00:00Z,1951-01-01T00:00:00Z,http://www.wikidata.org/entity/Q1012419,,,,http://www.wikidata.org/entity/Q13557549,Incorporation of Tibet into the People's Republic of China,,Q1773984,Q1012419,,,Q13557549
http://www.wikidata.org/entity/Q17507684,Military intervention against ISIL,military actions against Islamic State of Iraq and the Levant,2014-06-13T00:00:00Z,,http://www.wikidata.org/entity/Q190131,,,,http://www.wikidata.org/entity/Q178810,Syrian Civil War,ongoing multi-sided armed conflict in Syria,Q17507684,Q190131,,,Q178810
http://www.wikidata.org/entity/Q15059994,Iran–Israel proxy conflict,ongoing indirect conflict between Iran and Israel,2005-08-03T00:00:00Z,,http://www.wikidata.org/entity/Q7204,,,,http://www.wikidata.org/entity/Q2301356,Iran–Israel relations,relations between the Islamic Republic of Iran and the State of Israel,Q15059994,Q7204,,,Q2301356
http://www.wikidata.org/entity/Q2946372,Northern Mali conflict,armed conflicts that started from January 2012,2012-01-16T00:00:00Z,2015-02-20T00:00:00Z,http://www.wikidata.org/entity/Q912,7000,,,http://www.wikidata.org/entity/Q17512479,Arab Winter,wide-scale violence and instability evolving in the aftermath of the Arab Spring,Q2946372,Q912,,,Q17512479
http://www.wikidata.org/entity/Q17507684,Military intervention against ISIL,military actions against Islamic State of Iraq and the Levant,2014-06-13T00:00:00Z,,http://www.wikidata.org/entity/Q193268,,,,http://www.wikidata.org/entity/Q178810,Syrian Civil War,ongoing multi-sided armed conflict in Syria,Q17507684,Q193268,,,Q178810
http://www.wikidata.org/entity/Q17507684,Military intervention against ISIL,military actions against Islamic State of Iraq and the Levant,2014-06-13T00:00:00Z,,http://www.wikidata.org/entity/Q11708,,,,http://www.wikidata.org/entity/Q178810,Syrian Civil War,ongoing multi-sided armed conflict in Syria,Q17507684,Q11708,,,Q178810
http://www.wikidata.org/entity/Q1773984,Batalla del pan dulce,Batalla entre pacistas y ateos,1950-01-01T00:00:00Z,1950-10-19T00:00:00Z,http://www.wikidata.org/entity/Q1012419,,,,http://www.wikidata.org/entity/Q13557549,Incorporation of Tibet into the People's Republic of China,,Q1773984,Q1012419,,,Q13557549
http://www.wikidata.org/entity/Q10360270,Bougainville Civil War,Armed conflict in the North Solomons,1988-12-01T00:00:00Z,1998-04-20T00:00:00Z,http://www.wikidata.org/entity/Q18826,,,,,,,Q10360270,Q18826,,,
http://www.wikidata.org/entity/Q42410622,Dniestrian Independence War,Civil War for Local Issue between 1991 to 1992,1991-01-01T00:00:00Z,1992-01-01T00:00:00Z,http://www.wikidata.org/entity/Q907112,,,,,,,Q42410622,Q907112,,,
http://www.wikidata.org/entity/Q17507684,Military intervention against ISIL,military actions against Islamic State of Iraq and the Levant,2014-06-13T00:00:00Z,,http://www.wikidata.org/entity/Q205047,,,,http://www.wikidata.org/entity/Q178810,Syrian Civil War,ongoing multi-sided armed conflict in Syria,Q17507684,Q205047,,,Q178810
http://www.wikidata.org/entity/Q10292592,War in Ingushetia,,2007-07-21T00:00:00Z,2015-05-19T00:00:00Z,http://www.wikidata.org/entity/Q5219,,,,http://www.wikidata.org/entity/Q120843,Second Chechen War,war,Q10292592,Q5219,,,Q120843
http://www.wikidata.org/entity/Q17507684,Military intervention against ISIL,military actions against Islamic State of Iraq and the Levant,2014-06-13T00:00:00Z,,http://www.wikidata.org/entity/Q796,,,,http://www.wikidata.org/entity/Q926905,Iraqi insurgency,"ongoing warfare in mainly central Iraq, which began after the 2003 invasion of Iraq",Q17507684,Q796,,,Q926905
http://www.wikidata.org/entity/Q17507684,Military intervention against ISIL,military actions against Islamic State of Iraq and the Levant,2014-06-13T00:00:00Z,,http://www.wikidata.org/entity/Q858,,,,http://www.wikidata.org/entity/Q926905,Iraqi insurgency,"ongoing warfare in mainly central Iraq, which began after the 2003 invasion of Iraq",Q17507684,Q858,,,Q926905
http://www.wikidata.org/entity/Q17507684,Military intervention against ISIL,military actions against Islamic State of Iraq and the Levant,2014-06-13T00:00:00Z,,http://www.wikidata.org/entity/Q889,,,,http://www.wikidata.org/entity/Q926905,Iraqi insurgency,"ongoing warfare in mainly central Iraq, which began after the 2003 invasion of Iraq",Q17507684,Q889,,,Q926905
http://www.wikidata.org/entity/Q17507684,Military intervention against ISIL,military actions against Islamic State of Iraq and the Levant,2014-06-13T00:00:00Z,,http://www.wikidata.org/entity/Q1016,,,,http://www.wikidata.org/entity/Q926905,Iraqi insurgency,"ongoing warfare in mainly central Iraq, which began after the 2003 invasion of Iraq",Q17507684,Q1016,,,Q926905
http://www.wikidata.org/entity/Q17507684,Military intervention against ISIL,military actions against Islamic State of Iraq and the Levant,2014-06-13T00:00:00Z,,http://www.wikidata.org/entity/Q1033,,,,http://www.wikidata.org/entity/Q926905,Iraqi insurgency,"ongoing warfare in mainly central Iraq, which began after the 2003 invasion of Iraq",Q17507684,Q1033,,,Q926905
http://www.wikidata.org/entity/Q17507684,Military intervention against ISIL,military actions against Islamic State of Iraq and the Levant,2014-06-13T00:00:00Z,,http://www.wikidata.org/entity/Q187334,,,,http://www.wikidata.org/entity/Q926905,Iraqi insurgency,"ongoing warfare in mainly central Iraq, which began after the 2003 invasion of Iraq",Q17507684,Q187334,,,Q926905
http://www.wikidata.org/entity/Q3119017,Ugandan Bush War,"guerrilla war waged between 1981 and 1986 in Uganda by the National Resistance Army (NRA) under the leadership of Yoweri Museveni against the government of Milton Obote, and later that of Tito Okello",1981-02-06T00:00:00Z,1986-01-25T00:00:00Z,http://www.wikidata.org/entity/Q1036,,,,,,,Q3119017,Q1036,,,
http://www.wikidata.org/entity/Q17507684,Military intervention against ISIL,military actions against Islamic State of Iraq and the Levant,2014-06-13T00:00:00Z,,http://www.wikidata.org/entity/Q189352,,,,http://www.wikidata.org/entity/Q926905,Iraqi insurgency,"ongoing warfare in mainly central Iraq, which began after the 2003 invasion of Iraq",Q17507684,Q189352,,,Q926905
http://www.wikidata.org/entity/Q17507684,Military intervention against ISIL,military actions against Islamic State of Iraq and the Levant,2014-06-13T00:00:00Z,,http://www.wikidata.org/entity/Q190131,,,,http://www.wikidata.org/entity/Q926905,Iraqi insurgency,"ongoing warfare in mainly central Iraq, which began after the 2003 invasion of Iraq",Q17507684,Q190131,,,Q926905
http://www.wikidata.org/entity/Q17507684,Military intervention against ISIL,military actions against Islamic State of Iraq and the Levant,2014-06-13T00:00:00Z,,http://www.wikidata.org/entity/Q193268,,,,http://www.wikidata.org/entity/Q926905,Iraqi insurgency,"ongoing warfare in mainly central Iraq, which began after the 2003 invasion of Iraq",Q17507684,Q193268,,,Q926905
http://www.wikidata.org/entity/Q18121212,American-led intervention in Syria,"military campaign against Islamist extremist militant groups in Syria by USA, Bahrain, Jordan, Qatar, Saudi Arabia, and the UAE",2014-09-22T00:00:00Z,,http://www.wikidata.org/entity/Q858,,,,http://www.wikidata.org/entity/Q17507684,Military intervention against ISIL,military actions against Islamic State of Iraq and the Levant,Q18121212,Q858,,,Q17507684
http://www.wikidata.org/entity/Q17984356,Iraqi Civil War (2014–2017),Armed conflict in the Middle East that began on 1 January 2014,2014-01-01T00:00:00Z,2017-12-09T00:00:00Z,http://www.wikidata.org/entity/Q796,,,,http://www.wikidata.org/entity/Q17512479,Arab Winter,wide-scale violence and instability evolving in the aftermath of the Arab Spring,Q17984356,Q796,,,Q17512479
http://www.wikidata.org/entity/Q17507684,Military intervention against ISIL,military actions against Islamic State of Iraq and the Levant,2014-06-13T00:00:00Z,,http://www.wikidata.org/entity/Q11708,,,,http://www.wikidata.org/entity/Q926905,Iraqi insurgency,"ongoing warfare in mainly central Iraq, which began after the 2003 invasion of Iraq",Q17507684,Q11708,,,Q926905
http://www.wikidata.org/entity/Q2634899,Q2634899,,1989-01-01T00:00:00Z,2001-01-01T00:00:00Z,,,,,,,,Q2634899,,,,
http://www.wikidata.org/entity/Q501866,1983 Invasion of Grenada,conflict in Grenada involving US and Cuban led forces,1983-10-25T00:00:00Z,1983-12-15T00:00:00Z,http://www.wikidata.org/entity/Q769,,,,http://www.wikidata.org/entity/Q131110,history of the United States,occurrences and people in the USA throughout history,Q501866,Q769,,,Q131110
http://www.wikidata.org/entity/Q8683,Cold War,state of geopolitical tension after World War II between powers in the Eastern Bloc and the Western Bloc,1947-01-01T00:00:00Z,1991-01-01T00:00:00Z,http://www.wikidata.org/entity/Q12585,,,,,,,Q8683,Q12585,,,
http://www.wikidata.org/entity/Q8683,Cold War,state of geopolitical tension after World War II between powers in the Eastern Bloc and the Western Bloc,1947-01-01T00:00:00Z,1991-01-01T00:00:00Z,http://www.wikidata.org/entity/Q15,,,,,,,Q8683,Q15,,,
http://www.wikidata.org/entity/Q8683,Cold War,state of geopolitical tension after World War II between powers in the Eastern Bloc and the Western Bloc,1947-01-01T00:00:00Z,1991-01-01T00:00:00Z,http://www.wikidata.org/entity/Q46,,,,,,,Q8683,Q46,,,
http://www.wikidata.org/entity/Q8683,Cold War,state of geopolitical tension after World War II between powers in the Eastern Bloc and the Western Bloc,1947-01-01T00:00:00Z,1991-01-01T00:00:00Z,http://www.wikidata.org/entity/Q48,,,,,,,Q8683,Q48,,,
http://www.wikidata.org/entity/Q1780216,Angolan War of Independence,conflict in Angola between 1961 and 1975,1961-02-04T00:00:00Z,1974-04-25T00:00:00Z,http://www.wikidata.org/entity/Q916,,,http://www.wikidata.org/entity/Q12055176,http://www.wikidata.org/entity/Q609836,Portuguese Colonial War,1961–1974 armed conflicts in Africa between Portugal and independence movements,Q1780216,Q916,,Q12055176,Q609836
http://www.wikidata.org/entity/Q12302518,Afghan Civil War,1996-2001 military conflict in Afghanistan,1996-09-27T00:00:00Z,2001-10-07T00:00:00Z,http://www.wikidata.org/entity/Q889,,http://www.wikidata.org/entity/Q1980081,http://www.wikidata.org/entity/Q182865,http://www.wikidata.org/entity/Q1519107,War in Afghanistan,Ongoing conflicts in Afghanistan since 1978,Q12302518,Q889,Q1980081,Q182865,Q1519107
http://www.wikidata.org/entity/Q2583734,Indonesian invasion of East Timor,military invasion,1975-12-07T00:00:00Z,1979-03-26T00:00:00Z,http://www.wikidata.org/entity/Q142965,,,,,,,Q2583734,Q142965,,,
http://www.wikidata.org/entity/Q17507684,Military intervention against ISIL,military actions against Islamic State of Iraq and the Levant,2014-06-13T00:00:00Z,,http://www.wikidata.org/entity/Q205047,,,,http://www.wikidata.org/entity/Q926905,Iraqi insurgency,"ongoing warfare in mainly central Iraq, which began after the 2003 invasion of Iraq",Q17507684,Q205047,,,Q926905
http://www.wikidata.org/entity/Q3434218,Costa Rican Civil War,"conflict in Costa Rica (12 March – 24 April 1948), precipitated by the vote of the Legislature to annul the results of the presidential elections held in February, causing a rebel army under commander José Figueres to overthrow the government",1948-03-12T00:00:00Z,1948-04-24T00:00:00Z,http://www.wikidata.org/entity/Q800,,,,,,,Q3434218,Q800,,,
http://www.wikidata.org/entity/Q48941560,Chechen Civil War,,1993-06-04T00:00:00Z,1994-12-11T00:00:00Z,http://www.wikidata.org/entity/Q5187,,,,,,,Q48941560,Q5187,,,
http://www.wikidata.org/entity/Q21647838,German intervention against ISIL,,2015-12-01T00:00:00Z,,http://www.wikidata.org/entity/Q796,,,,http://www.wikidata.org/entity/Q18357664,Operation Inherent Resolve,military intervention against the Islamic State of Iraq and the Levant,Q21647838,Q796,,,Q18357664
http://www.wikidata.org/entity/Q21647838,German intervention against ISIL,,2015-12-01T00:00:00Z,,http://www.wikidata.org/entity/Q858,,,,http://www.wikidata.org/entity/Q18357664,Operation Inherent Resolve,military intervention against the Islamic State of Iraq and the Levant,Q21647838,Q858,,,Q18357664
http://www.wikidata.org/entity/Q17507684,Military intervention against ISIL,military actions against Islamic State of Iraq and the Levant,2014-06-13T00:00:00Z,,http://www.wikidata.org/entity/Q235563,,,,http://www.wikidata.org/entity/Q178810,Syrian Civil War,ongoing multi-sided armed conflict in Syria,Q17507684,Q235563,,,Q178810
http://www.wikidata.org/entity/Q19686631,Yemeni Civil War (2015–present),conflict in Yemen,2015-03-19T00:00:00Z,,http://www.wikidata.org/entity/Q805,,,,http://www.wikidata.org/entity/Q19362030,aftermath of the 2014–15 Yemeni coup d'état,,Q19686631,Q805,,,Q19362030
http://www.wikidata.org/entity/Q42410520,First Rwanda War,Civil War for Capital between 1963 to 1964,1963-01-01T00:00:00Z,1964-01-01T00:00:00Z,http://www.wikidata.org/entity/Q1037,,,,,,,Q42410520,Q1037,,,
http://www.wikidata.org/entity/Q1773984,Batalla del pan dulce,Batalla entre pacistas y ateos,1950-10-06T00:00:00Z,1950-10-19T00:00:00Z,http://www.wikidata.org/entity/Q1012419,,,,http://www.wikidata.org/entity/Q13557549,Incorporation of Tibet into the People's Republic of China,,Q1773984,Q1012419,,,Q13557549
http://www.wikidata.org/entity/Q2354629,Malayan Emergency,guerrilla war from 1948 to 1960,1948-06-16T00:00:00Z,1960-07-12T00:00:00Z,http://www.wikidata.org/entity/Q18758,,,http://www.wikidata.org/entity/Q3446062,http://www.wikidata.org/entity/Q8683,Cold War,state of geopolitical tension after World War II between powers in the Eastern Bloc and the Western Bloc,Q2354629,Q18758,,Q3446062,Q8683
http://www.wikidata.org/entity/Q42306428,First Burundi War,Civil War for capital in 1972,1972-01-01T00:00:00Z,1972-01-01T00:00:00Z,http://www.wikidata.org/entity/Q967,,,,,,,Q42306428,Q967,,,
http://www.wikidata.org/entity/Q42306431,Second Guatemala War,Civil War for Capital between 1970 and 1971,1970-01-01T00:00:00Z,1971-01-01T00:00:00Z,http://www.wikidata.org/entity/Q774,,,,http://www.wikidata.org/entity/Q1282732,Guatemalan Civil War,1960-1996 civil war in Guatemala,Q42306431,Q774,,,Q1282732
http://www.wikidata.org/entity/Q42410655,Second Liberia War,Civil War for Capital between 1992 to 1995,1992-01-01T00:00:00Z,1995-01-01T00:00:00Z,http://www.wikidata.org/entity/Q1014,,,,,,,Q42410655,Q1014,,,
http://www.wikidata.org/entity/Q2002270,Mozambican War of Independence,,1964-09-25T00:00:00Z,1974-09-08T00:00:00Z,http://www.wikidata.org/entity/Q889394,,,,http://www.wikidata.org/entity/Q609836,Portuguese Colonial War,1961–1974 armed conflicts in Africa between Portugal and independence movements,Q2002270,Q889394,,,Q609836
